id,age,sex,dataset,cp,trestbps,chol,fbs,restecg,thalch,exang,oldpeak,slope,num,has_disease,site_mean_age,site_diagnosis_rate,chol_zscore,age_decade
1,63,Male,Cleveland,typical angina,145.0,233.0,True,lv hypertrophy,150.0,False,2.3,downsloping,0,False,54.35197368421053,0.45723684210526316,0.3036431735309339,60
2,67,Male,Cleveland,asymptomatic,160.0,286.0,False,lv hypertrophy,108.0,True,1.5,flat,2,True,54.35197368421053,0.45723684210526316,0.7899669529741193,60
3,67,Male,Cleveland,asymptomatic,120.0,229.0,False,lv hypertrophy,129.0,True,2.6,flat,1,True,54.35197368421053,0.45723684210526316,0.2669394920635237,60
4,37,Male,Cleveland,non-anginal,130.0,250.0,False,normal,187.0,False,3.5,downsloping,0,False,54.35197368421053,0.45723684210526316,0.45963381976742734,30
5,41,Female,Cleveland,atypical angina,130.0,204.0,False,lv hypertrophy,172.0,False,1.4,upsloping,0,False,54.35197368421053,0.45723684210526316,0.03754148289220976,40
6,56,Male,Cleveland,atypical angina,120.0,236.0,False,normal,178.0,False,0.8,upsloping,0,False,54.35197368421053,0.45723684210526316,0.33117093463149155,50
7,62,Female,Cleveland,asymptomatic,140.0,268.0,False,lv hypertrophy,160.0,False,3.6,downsloping,3,True,54.35197368421053,0.45723684210526316,0.6248003863707734,60
8,57,Female,Cleveland,asymptomatic,120.0,354.0,False,normal,163.0,True,0.6,upsloping,0,False,54.35197368421053,0.45723684210526316,1.4139295379200931,50
9,63,Male,Cleveland,asymptomatic,130.0,254.0,False,lv hypertrophy,147.0,False,1.4,flat,2,True,54.35197368421053,0.45723684210526316,0.49633750123483755,60
10,53,Male,Cleveland,asymptomatic,140.0,203.0,True,lv hypertrophy,155.0,True,3.1,downsloping,1,True,54.35197368421053,0.45723684210526316,0.028365562525357203,50
11,57,Male,Cleveland,asymptomatic,140.0,192.0,False,normal,148.0,False,0.4,flat,0,False,54.35197368421053,0.45723684210526316,-0.07256956151002092,50
12,56,Female,Cleveland,atypical angina,140.0,294.0,False,lv hypertrophy,153.0,False,1.3,flat,0,False,54.35197368421053,0.45723684210526316,0.8633743159089399,50
13,56,Male,Cleveland,non-anginal,130.0,256.0,True,lv hypertrophy,142.0,True,0.6,flat,2,True,54.35197368421053,0.45723684210526316,0.5146893419685427,50
14,44,Male,Cleveland,atypical angina,120.0,263.0,False,normal,173.0,False,0.0,upsloping,0,False,54.35197368421053,0.45723684210526316,0.5789207845365105,40
15,52,Male,Cleveland,non-anginal,172.0,199.0,True,normal,162.0,False,0.5,upsloping,0,False,54.35197368421053,0.45723684210526316,-0.008338118942053023,50
16,57,Male,Cleveland,non-anginal,150.0,168.0,False,normal,174.0,False,1.6,upsloping,0,False,54.35197368421053,0.45723684210526316,-0.2927916503144823,50
17,48,Male,Cleveland,atypical angina,110.0,229.0,False,normal,168.0,False,1.0,downsloping,1,True,54.35197368421053,0.45723684210526316,0.2669394920635237,40
18,54,Male,Cleveland,asymptomatic,140.0,239.0,False,normal,160.0,False,1.2,upsloping,0,False,54.35197368421053,0.45723684210526316,0.3586986957320492,50
19,48,Female,Cleveland,non-anginal,130.0,275.0,False,normal,139.0,False,0.2,upsloping,0,False,54.35197368421053,0.45723684210526316,0.6890318289387413,40
20,49,Male,Cleveland,atypical angina,130.0,266.0,False,normal,171.0,False,0.6,upsloping,0,False,54.35197368421053,0.45723684210526316,0.6064485456370683,40
21,64,Male,Cleveland,typical angina,110.0,211.0,False,lv hypertrophy,144.0,True,1.8,flat,0,False,54.35197368421053,0.45723684210526316,0.10177292546017765,60
22,58,Female,Cleveland,typical angina,150.0,283.0,True,lv hypertrophy,162.0,False,1.0,upsloping,0,False,54.35197368421053,0.45723684210526316,0.7624391918735617,50
23,58,Male,Cleveland,atypical angina,120.0,284.0,False,lv hypertrophy,160.0,False,1.8,flat,1,True,54.35197368421053,0.45723684210526316,0.7716151122404142,50
24,58,Male,Cleveland,non-anginal,132.0,224.0,False,lv hypertrophy,173.0,False,3.2,upsloping,3,True,54.35197368421053,0.45723684210526316,0.2210598902292609,50
25,60,Male,Cleveland,asymptomatic,130.0,206.0,False,lv hypertrophy,132.0,True,2.4,flat,4,True,54.35197368421053,0.45723684210526316,0.05589332362591487,60
26,50,Female,Cleveland,non-anginal,120.0,219.0,False,normal,158.0,False,1.6,flat,0,False,54.35197368421053,0.45723684210526316,0.1751802883949981,50
27,58,Female,Cleveland,non-anginal,120.0,340.0,False,normal,172.0,False,0.0,upsloping,0,False,54.35197368421053,0.45723684210526316,1.2854666527841574,50
28,66,Female,Cleveland,typical angina,150.0,226.0,False,normal,114.0,False,2.6,downsloping,0,False,54.35197368421053,0.45723684210526316,0.239411730962966,60
29,43,Male,Cleveland,asymptomatic,150.0,247.0,False,normal,171.0,False,1.5,upsloping,0,False,54.35197368421053,0.45723684210526316,0.4321060586668697,40
30,40,Male,Cleveland,asymptomatic,110.0,167.0,False,lv hypertrophy,114.0,True,2.0,flat,3,True,54.35197368421053,0.45723684210526316,-0.30196757068133484,40
31,69,Female,Cleveland,typical angina,140.0,239.0,False,normal,151.0,False,1.8,upsloping,0,False,54.35197368421053,0.45723684210526316,0.3586986957320492,60
32,60,Male,Cleveland,asymptomatic,117.0,230.0,True,normal,160.0,True,1.4,upsloping,2,True,54.35197368421053,0.45723684210526316,0.27611541243037624,60
33,64,Male,Cleveland,non-anginal,140.0,335.0,False,normal,158.0,False,0.0,upsloping,1,True,54.35197368421053,0.45723684210526316,1.2395870509498945,60
34,59,Male,Cleveland,asymptomatic,135.0,234.0,False,normal,161.0,False,0.5,flat,0,False,54.35197368421053,0.45723684210526316,0.31281909389778645,50
35,44,Male,Cleveland,non-anginal,130.0,233.0,False,normal,179.0,True,0.4,upsloping,0,False,54.35197368421053,0.45723684210526316,0.3036431735309339,40
36,42,Male,Cleveland,asymptomatic,140.0,226.0,False,normal,178.0,False,0.0,upsloping,0,False,54.35197368421053,0.45723684210526316,0.239411730962966,40
37,43,Male,Cleveland,asymptomatic,120.0,177.0,False,lv hypertrophy,120.0,True,2.5,flat,3,True,54.35197368421053,0.45723684210526316,-0.21020836701280926,40
38,57,Male,Cleveland,asymptomatic,150.0,276.0,False,lv hypertrophy,112.0,True,0.6,flat,1,True,54.35197368421053,0.45723684210526316,0.6982077493055938,50
39,55,Male,Cleveland,asymptomatic,132.0,353.0,False,normal,132.0,True,1.2,flat,3,True,54.35197368421053,0.45723684210526316,1.4047536175532407,50
40,61,Male,Cleveland,non-anginal,150.0,243.0,True,normal,137.0,True,1.0,flat,0,False,54.35197368421053,0.45723684210526316,0.3954023771994595,60
41,65,Female,Cleveland,asymptomatic,150.0,225.0,False,lv hypertrophy,114.0,False,1.0,flat,4,True,54.35197368421053,0.45723684210526316,0.23023581059611345,60
42,40,Male,Cleveland,typical angina,140.0,199.0,False,normal,178.0,True,1.4,upsloping,0,False,54.35197368421053,0.45723684210526316,-0.008338118942053023,40
43,71,Female,Cleveland,atypical angina,160.0,302.0,False,normal,162.0,False,0.4,upsloping,0,False,54.35197368421053,0.45723684210526316,0.9367816788437603,70
44,59,Male,Cleveland,non-anginal,150.0,212.0,True,normal,157.0,False,1.6,upsloping,0,False,54.35197368421053,0.45723684210526316,0.11094884582703021,50
45,61,Female,Cleveland,asymptomatic,130.0,330.0,False,lv hypertrophy,169.0,False,0.0,upsloping,1,True,54.35197368421053,0.45723684210526316,1.1937074491156319,60
46,58,Male,Cleveland,non-anginal,112.0,230.0,False,lv hypertrophy,165.0,False,2.5,flat,4,True,54.35197368421053,0.45723684210526316,0.27611541243037624,50
47,51,Male,Cleveland,non-anginal,110.0,175.0,False,normal,123.0,False,0.6,upsloping,0,False,54.35197368421053,0.45723684210526316,-0.22856020774651437,50
48,50,Male,Cleveland,asymptomatic,150.0,243.0,False,lv hypertrophy,128.0,False,2.6,flat,4,True,54.35197368421053,0.45723684210526316,0.3954023771994595,50
49,65,Female,Cleveland,non-anginal,140.0,417.0,True,lv hypertrophy,157.0,False,0.8,upsloping,0,False,54.35197368421053,0.45723684210526316,1.9920125210318043,60
50,53,Male,Cleveland,non-anginal,130.0,197.0,True,lv hypertrophy,152.0,False,1.2,downsloping,0,False,54.35197368421053,0.45723684210526316,-0.026689959675758136,50
51,41,Female,Cleveland,atypical angina,105.0,198.0,False,normal,168.0,False,0.0,upsloping,0,False,54.35197368421053,0.45723684210526316,-0.01751403930890558,40
52,65,Male,Cleveland,asymptomatic,120.0,177.0,False,normal,140.0,False,0.4,upsloping,0,False,54.35197368421053,0.45723684210526316,-0.21020836701280926,60
53,44,Male,Cleveland,asymptomatic,112.0,290.0,False,lv hypertrophy,153.0,False,0.0,upsloping,2,True,54.35197368421053,0.45723684210526316,0.8266706344415296,40
54,44,Male,Cleveland,atypical angina,130.0,219.0,False,lv hypertrophy,188.0,False,0.0,upsloping,0,False,54.35197368421053,0.45723684210526316,0.1751802883949981,40
55,60,Male,Cleveland,asymptomatic,130.0,253.0,False,normal,144.0,True,1.4,upsloping,1,True,54.35197368421053,0.45723684210526316,0.487161580867985,60
56,54,Male,Cleveland,asymptomatic,124.0,266.0,False,lv hypertrophy,109.0,True,2.2,flat,1,True,54.35197368421053,0.45723684210526316,0.6064485456370683,50
57,50,Male,Cleveland,non-anginal,140.0,233.0,False,normal,163.0,False,0.6,flat,1,True,54.35197368421053,0.45723684210526316,0.3036431735309339,50
58,41,Male,Cleveland,asymptomatic,110.0,172.0,False,lv hypertrophy,158.0,False,0.0,upsloping,1,True,54.35197368421053,0.45723684210526316,-0.256087968847072,40
59,54,Male,Cleveland,non-anginal,125.0,273.0,False,lv hypertrophy,152.0,False,0.5,downsloping,0,False,54.35197368421053,0.45723684210526316,0.6706799882050362,50
60,51,Male,Cleveland,typical angina,125.0,213.0,False,lv hypertrophy,125.0,True,1.4,upsloping,0,False,54.35197368421053,0.45723684210526316,0.12012476619388276,50
61,51,Female,Cleveland,asymptomatic,130.0,305.0,False,normal,142.0,True,1.2,flat,2,True,54.35197368421053,0.45723684210526316,0.964309439944318,50
62,46,Female,Cleveland,non-anginal,142.0,177.0,False,lv hypertrophy,160.0,True,1.4,downsloping,0,False,54.35197368421053,0.45723684210526316,-0.21020836701280926,40
63,58,Male,Cleveland,asymptomatic,128.0,216.0,False,lv hypertrophy,131.0,True,2.2,flat,1,True,54.35197368421053,0.45723684210526316,0.14765252729444042,50
64,54,Female,Cleveland,non-anginal,135.0,304.0,True,normal,170.0,False,0.0,upsloping,0,False,54.35197368421053,0.45723684210526316,0.9551335195774654,50
65,54,Male,Cleveland,asymptomatic,120.0,188.0,False,normal,113.0,False,1.4,flat,2,True,54.35197368421053,0.45723684210526316,-0.10927324297743114,50
66,60,Male,Cleveland,asymptomatic,145.0,282.0,False,lv hypertrophy,142.0,True,2.8,flat,2,True,54.35197368421053,0.45723684210526316,0.7532632715067091,60
67,60,Male,Cleveland,non-anginal,140.0,185.0,False,lv hypertrophy,155.0,False,3.0,flat,1,True,54.35197368421053,0.45723684210526316,-0.1368010040779888,60
68,54,Male,Cleveland,non-anginal,150.0,232.0,False,lv hypertrophy,165.0,False,1.6,upsloping,0,False,54.35197368421053,0.45723684210526316,0.29446725316408134,50
69,59,Male,Cleveland,asymptomatic,170.0,326.0,False,lv hypertrophy,140.0,True,3.4,downsloping,2,True,54.35197368421053,0.45723684210526316,1.1570037676482217,50
70,46,Male,Cleveland,non-anginal,150.0,231.0,False,normal,147.0,False,3.6,flat,1,True,54.35197368421053,0.45723684210526316,0.2852913327972288,40
71,65,Female,Cleveland,non-anginal,155.0,269.0,False,normal,148.0,False,0.8,upsloping,0,False,54.35197368421053,0.45723684210526316,0.633976306737626,60
72,67,Male,Cleveland,asymptomatic,125.0,254.0,True,normal,163.0,False,0.2,flat,3,True,54.35197368421053,0.45723684210526316,0.49633750123483755,60
73,62,Male,Cleveland,asymptomatic,120.0,267.0,False,normal,99.0,True,1.8,flat,1,True,54.35197368421053,0.45723684210526316,0.6156244660039208,60
74,65,Male,Cleveland,asymptomatic,110.0,248.0,False,lv hypertrophy,158.0,False,0.6,upsloping,1,True,54.35197368421053,0.45723684210526316,0.44128197903372224,60
75,44,Male,Cleveland,asymptomatic,110.0,197.0,False,lv hypertrophy,177.0,False,0.0,upsloping,1,True,54.35197368421053,0.45723684210526316,-0.026689959675758136,40
76,65,Female,Cleveland,non-anginal,160.0,360.0,False,lv hypertrophy,151.0,False,0.8,upsloping,0,False,54.35197368421053,0.45723684210526316,1.4689850601212084,60
77,60,Male,Cleveland,asymptomatic,125.0,258.0,False,lv hypertrophy,141.0,True,2.8,flat,1,True,54.35197368421053,0.45723684210526316,0.5330411827022478,60
78,51,Female,Cleveland,non-anginal,140.0,308.0,False,lv hypertrophy,142.0,False,1.5,upsloping,0,False,54.35197368421053,0.45723684210526316,0.9918372010448756,50
79,48,Male,Cleveland,atypical angina,130.0,245.0,False,lv hypertrophy,180.0,False,0.2,flat,0,False,54.35197368421053,0.45723684210526316,0.4137542179331646,40
80,58,Male,Cleveland,asymptomatic,150.0,270.0,False,lv hypertrophy,111.0,True,0.8,upsloping,3,True,54.35197368421053,0.45723684210526316,0.6431522271044785,50
81,45,Male,Cleveland,asymptomatic,104.0,208.0,False,lv hypertrophy,148.0,True,3.0,flat,0,False,54.35197368421053,0.45723684210526316,0.07424516435961999,40
82,53,Female,Cleveland,asymptomatic,130.0,264.0,False,lv hypertrophy,143.0,False,0.4,flat,0,False,54.35197368421053,0.45723684210526316,0.5880967049033632,50
83,39,Male,Cleveland,non-anginal,140.0,321.0,False,lv hypertrophy,182.0,False,0.0,upsloping,0,False,54.35197368421053,0.45723684210526316,1.1111241658139588,30
84,68,Male,Cleveland,non-anginal,180.0,274.0,True,lv hypertrophy,150.0,True,1.6,flat,3,True,54.35197368421053,0.45723684210526316,0.6798559085718887,60
85,52,Male,Cleveland,atypical angina,120.0,325.0,False,normal,172.0,False,0.2,upsloping,0,False,54.35197368421053,0.45723684210526316,1.147827847281369,50
86,44,Male,Cleveland,non-anginal,140.0,235.0,False,lv hypertrophy,180.0,False,0.0,upsloping,0,False,54.35197368421053,0.45723684210526316,0.321995014264639,40
87,47,Male,Cleveland,non-anginal,138.0,257.0,False,lv hypertrophy,156.0,False,0.0,upsloping,0,False,54.35197368421053,0.45723684210526316,0.5238652623353952,40
88,53,Female,Cleveland,non-anginal,128.0,216.0,False,lv hypertrophy,115.0,False,0.0,upsloping,0,False,54.35197368421053,0.45723684210526316,0.14765252729444042,50
89,53,Female,Cleveland,asymptomatic,138.0,234.0,False,lv hypertrophy,160.0,False,0.0,upsloping,0,False,54.35197368421053,0.45723684210526316,0.31281909389778645,50
90,51,Female,Cleveland,non-anginal,130.0,256.0,False,lv hypertrophy,149.0,False,0.5,upsloping,0,False,54.35197368421053,0.45723684210526316,0.5146893419685427,50
91,66,Male,Cleveland,asymptomatic,120.0,302.0,False,lv hypertrophy,151.0,False,0.4,flat,0,False,54.35197368421053,0.45723684210526316,0.9367816788437603,60
92,62,Female,Cleveland,asymptomatic,160.0,164.0,False,lv hypertrophy,145.0,False,6.2,downsloping,3,True,54.35197368421053,0.45723684210526316,-0.3294953317818925,60
93,62,Male,Cleveland,non-anginal,130.0,231.0,False,normal,146.0,False,1.8,flat,0,False,54.35197368421053,0.45723684210526316,0.2852913327972288,60
94,44,Female,Cleveland,non-anginal,108.0,141.0,False,normal,175.0,False,0.6,flat,0,False,54.35197368421053,0.45723684210526316,-0.5405415002195013,40
95,63,Female,Cleveland,non-anginal,135.0,252.0,False,lv hypertrophy,172.0,False,0.0,upsloping,0,False,54.35197368421053,0.45723684210526316,0.47798566050113245,60
96,52,Male,Cleveland,asymptomatic,128.0,255.0,False,normal,161.0,True,0.0,upsloping,1,True,54.35197368421053,0.45723684210526316,0.5055134216016901,50
97,59,Male,Cleveland,asymptomatic,110.0,239.0,False,lv hypertrophy,142.0,True,1.2,flat,2,True,54.35197368421053,0.45723684210526316,0.3586986957320492,50
98,60,Female,Cleveland,asymptomatic,150.0,258.0,False,lv hypertrophy,157.0,False,2.6,flat,3,True,54.35197368421053,0.45723684210526316,0.5330411827022478,60
99,52,Male,Cleveland,atypical angina,134.0,201.0,False,normal,158.0,False,0.8,upsloping,0,False,54.35197368421053,0.45723684210526316,0.010013721791652089,50
100,48,Male,Cleveland,asymptomatic,122.0,222.0,False,lv hypertrophy,186.0,False,0.0,upsloping,0,False,54.35197368421053,0.45723684210526316,0.20270804949555576,40
101,45,Male,Cleveland,asymptomatic,115.0,260.0,False,lv hypertrophy,185.0,False,0.0,upsloping,0,False,54.35197368421053,0.45723684210526316,0.5513930234359529,40
102,34,Male,Cleveland,typical angina,118.0,182.0,False,lv hypertrophy,174.0,False,0.0,upsloping,0,False,54.35197368421053,0.45723684210526316,-0.16432876517854647,30
103,57,Female,Cleveland,asymptomatic,128.0,303.0,False,lv hypertrophy,159.0,False,0.0,upsloping,0,False,54.35197368421053,0.45723684210526316,0.9459575992106128,50
104,71,Female,Cleveland,non-anginal,110.0,265.0,True,lv hypertrophy,130.0,False,0.0,upsloping,0,False,54.35197368421053,0.45723684210526316,0.5972726252702157,70
105,49,Male,Cleveland,non-anginal,120.0,188.0,False,normal,139.0,False,2.0,flat,3,True,54.35197368421053,0.45723684210526316,-0.10927324297743114,40
106,54,Male,Cleveland,atypical angina,108.0,309.0,False,normal,156.0,False,0.0,upsloping,0,False,54.35197368421053,0.45723684210526316,1.0010131214117282,50
107,59,Male,Cleveland,asymptomatic,140.0,177.0,False,normal,162.0,True,0.0,upsloping,2,True,54.35197368421053,0.45723684210526316,-0.21020836701280926,50
108,57,Male,Cleveland,non-anginal,128.0,229.0,False,lv hypertrophy,150.0,False,0.4,flat,1,True,54.35197368421053,0.45723684210526316,0.2669394920635237,50
109,61,Male,Cleveland,asymptomatic,120.0,260.0,False,normal,140.0,True,3.6,flat,2,True,54.35197368421053,0.45723684210526316,0.5513930234359529,60
110,39,Male,Cleveland,asymptomatic,118.0,219.0,False,normal,140.0,False,1.2,flat,3,True,54.35197368421053,0.45723684210526316,0.1751802883949981,30
111,61,Female,Cleveland,asymptomatic,145.0,307.0,False,lv hypertrophy,146.0,True,1.0,flat,1,True,54.35197368421053,0.45723684210526316,0.982661280678023,60
112,56,Male,Cleveland,asymptomatic,125.0,249.0,True,lv hypertrophy,144.0,True,1.2,flat,1,True,54.35197368421053,0.45723684210526316,0.4504578994005748,50
113,52,Male,Cleveland,typical angina,118.0,186.0,False,lv hypertrophy,190.0,False,0.0,flat,0,False,54.35197368421053,0.45723684210526316,-0.12762508371113626,50
114,43,Female,Cleveland,asymptomatic,132.0,341.0,True,lv hypertrophy,136.0,True,3.0,flat,2,True,54.35197368421053,0.45723684210526316,1.29464257315101,40
115,62,Female,Cleveland,non-anginal,130.0,263.0,False,normal,97.0,False,1.2,flat,2,True,54.35197368421053,0.45723684210526316,0.5789207845365105,60
116,41,Male,Cleveland,atypical angina,135.0,203.0,False,normal,132.0,False,0.0,flat,0,False,54.35197368421053,0.45723684210526316,0.028365562525357203,40
117,58,Male,Cleveland,non-anginal,140.0,211.0,True,lv hypertrophy,165.0,False,0.0,upsloping,0,False,54.35197368421053,0.45723684210526316,0.10177292546017765,50
118,35,Female,Cleveland,asymptomatic,138.0,183.0,False,normal,182.0,False,1.4,upsloping,0,False,54.35197368421053,0.45723684210526316,-0.15515284481169392,30
119,63,Male,Cleveland,asymptomatic,130.0,330.0,True,lv hypertrophy,132.0,True,1.8,upsloping,3,True,54.35197368421053,0.45723684210526316,1.1937074491156319,60
120,65,Male,Cleveland,asymptomatic,135.0,254.0,False,lv hypertrophy,127.0,False,2.8,flat,2,True,54.35197368421053,0.45723684210526316,0.49633750123483755,60
121,48,Male,Cleveland,asymptomatic,130.0,256.0,True,lv hypertrophy,150.0,True,0.0,upsloping,3,True,54.35197368421053,0.45723684210526316,0.5146893419685427,40
122,63,Female,Cleveland,asymptomatic,150.0,407.0,False,lv hypertrophy,154.0,False,4.0,flat,4,True,54.35197368421053,0.45723684210526316,1.9002533173632787,60
123,51,Male,Cleveland,non-anginal,100.0,222.0,False,normal,143.0,True,1.2,flat,0,False,54.35197368421053,0.45723684210526316,0.20270804949555576,50
124,55,Male,Cleveland,asymptomatic,140.0,217.0,False,normal,111.0,True,5.6,downsloping,3,True,54.35197368421053,0.45723684210526316,0.156828447661293,50
125,65,Male,Cleveland,typical angina,138.0,282.0,True,lv hypertrophy,174.0,False,1.4,flat,1,True,54.35197368421053,0.45723684210526316,0.7532632715067091,60
126,45,Female,Cleveland,atypical angina,130.0,234.0,False,lv hypertrophy,175.0,False,0.6,flat,0,False,54.35197368421053,0.45723684210526316,0.31281909389778645,40
127,56,Female,Cleveland,asymptomatic,200.0,288.0,True,lv hypertrophy,133.0,True,4.0,downsloping,3,True,54.35197368421053,0.45723684210526316,0.8083187937078244,50
128,54,Male,Cleveland,asymptomatic,110.0,239.0,False,normal,126.0,True,2.8,flat,3,True,54.35197368421053,0.45723684210526316,0.3586986957320492,50
129,44,Male,Cleveland,atypical angina,120.0,220.0,False,normal,170.0,False,0.0,upsloping,0,False,54.35197368421053,0.45723684210526316,0.18435620876185066,40
130,62,Female,Cleveland,asymptomatic,124.0,209.0,False,normal,163.0,False,0.0,upsloping,0,False,54.35197368421053,0.45723684210526316,0.08342108472647254,60
131,54,Male,Cleveland,non-anginal,120.0,258.0,False,lv hypertrophy,147.0,False,0.4,flat,0,False,54.35197368421053,0.45723684210526316,0.5330411827022478,50
132,51,Male,Cleveland,non-anginal,94.0,227.0,False,normal,154.0,True,0.0,upsloping,0,False,54.35197368421053,0.45723684210526316,0.24858765132981855,50
133,29,Male,Cleveland,atypical angina,130.0,204.0,False,lv hypertrophy,202.0,False,0.0,upsloping,0,False,54.35197368421053,0.45723684210526316,0.03754148289220976,20
134,51,Male,Cleveland,asymptomatic,140.0,261.0,False,lv hypertrophy,186.0,True,0.0,upsloping,0,False,54.35197368421053,0.45723684210526316,0.5605689438028054,50
135,43,Female,Cleveland,non-anginal,122.0,213.0,False,normal,165.0,False,0.2,flat,0,False,54.35197368421053,0.45723684210526316,0.12012476619388276,40
136,55,Female,Cleveland,atypical angina,135.0,250.0,False,lv hypertrophy,161.0,False,1.4,flat,0,False,54.35197368421053,0.45723684210526316,0.45963381976742734,50
137,70,Male,Cleveland,asymptomatic,145.0,174.0,False,normal,125.0,True,2.6,downsloping,4,True,54.35197368421053,0.45723684210526316,-0.23773612811336692,70
138,62,Male,Cleveland,atypical angina,120.0,281.0,False,lv hypertrophy,103.0,False,1.4,flat,3,True,54.35197368421053,0.45723684210526316,0.7440873511398566,60
139,35,Male,Cleveland,asymptomatic,120.0,198.0,False,normal,130.0,True,1.6,flat,1,True,54.35197368421053,0.45723684210526316,-0.01751403930890558,30
140,51,Male,Cleveland,non-anginal,125.0,245.0,True,lv hypertrophy,166.0,False,2.4,flat,0,False,54.35197368421053,0.45723684210526316,0.4137542179331646,50
141,59,Male,Cleveland,atypical angina,140.0,221.0,False,normal,164.0,True,0.0,upsloping,0,False,54.35197368421053,0.45723684210526316,0.1935321291287032,50
142,59,Male,Cleveland,typical angina,170.0,288.0,False,lv hypertrophy,159.0,False,0.2,flat,1,True,54.35197368421053,0.45723684210526316,0.8083187937078244,50
143,52,Male,Cleveland,atypical angina,128.0,205.0,True,normal,184.0,False,0.0,upsloping,0,False,54.35197368421053,0.45723684210526316,0.04671740325906232,50
144,64,Male,Cleveland,non-anginal,125.0,309.0,False,normal,131.0,True,1.8,flat,1,True,54.35197368421053,0.45723684210526316,1.0010131214117282,60
145,58,Male,Cleveland,non-anginal,105.0,240.0,False,lv hypertrophy,154.0,True,0.6,flat,0,False,54.35197368421053,0.45723684210526316,0.36787461609890176,50
146,47,Male,Cleveland,non-anginal,108.0,243.0,False,normal,152.0,False,0.0,upsloping,1,True,54.35197368421053,0.45723684210526316,0.3954023771994595,40
147,57,Male,Cleveland,asymptomatic,165.0,289.0,True,lv hypertrophy,124.0,False,1.0,flat,4,True,54.35197368421053,0.45723684210526316,0.817494714074677,50
148,41,Male,Cleveland,non-anginal,112.0,250.0,False,normal,179.0,False,0.0,upsloping,0,False,54.35197368421053,0.45723684210526316,0.45963381976742734,40
149,45,Male,Cleveland,atypical angina,128.0,308.0,False,lv hypertrophy,170.0,False,0.0,upsloping,0,False,54.35197368421053,0.45723684210526316,0.9918372010448756,40
150,60,Female,Cleveland,non-anginal,102.0,318.0,False,normal,160.0,False,0.0,upsloping,0,False,54.35197368421053,0.45723684210526316,1.0835964047134012,60
151,52,Male,Cleveland,typical angina,152.0,298.0,True,normal,178.0,False,1.2,flat,0,False,54.35197368421053,0.45723684210526316,0.9000779973763501,50
152,42,Female,Cleveland,asymptomatic,102.0,265.0,False,lv hypertrophy,122.0,False,0.6,flat,0,False,54.35197368421053,0.45723684210526316,0.5972726252702157,40
153,67,Female,Cleveland,non-anginal,115.0,564.0,False,lv hypertrophy,160.0,False,1.6,flat,0,False,54.35197368421053,0.45723684210526316,3.3408728149591296,60
154,55,Male,Cleveland,asymptomatic,160.0,289.0,False,lv hypertrophy,145.0,True,0.8,flat,4,True,54.35197368421053,0.45723684210526316,0.817494714074677,50
155,64,Male,Cleveland,asymptomatic,120.0,246.0,False,lv hypertrophy,96.0,True,2.2,downsloping,3,True,54.35197368421053,0.45723684210526316,0.42293013830001713,60
156,70,Male,Cleveland,asymptomatic,130.0,322.0,False,lv hypertrophy,109.0,False,2.4,flat,1,True,54.35197368421053,0.45723684210526316,1.1203000861808114,70
157,51,Male,Cleveland,asymptomatic,140.0,299.0,False,normal,173.0,True,1.6,upsloping,1,True,54.35197368421053,0.45723684210526316,0.9092539177432026,50
158,58,Male,Cleveland,asymptomatic,125.0,300.0,False,lv hypertrophy,171.0,False,0.0,upsloping,1,True,54.35197368421053,0.45723684210526316,0.9184298381100552,50
159,60,Male,Cleveland,asymptomatic,140.0,293.0,False,lv hypertrophy,170.0,False,1.2,flat,2,True,54.35197368421053,0.45723684210526316,0.8541983955420873,60
160,68,Male,Cleveland,non-anginal,118.0,277.0,False,normal,151.0,False,1.0,upsloping,0,False,54.35197368421053,0.45723684210526316,0.7073836696724464,60
161,46,Male,Cleveland,atypical angina,101.0,197.0,True,normal,156.0,False,0.0,upsloping,0,False,54.35197368421053,0.45723684210526316,-0.026689959675758136,40
162,77,Male,Cleveland,asymptomatic,125.0,304.0,False,lv hypertrophy,162.0,True,0.0,upsloping,4,True,54.35197368421053,0.45723684210526316,0.9551335195774654,70
163,54,Female,Cleveland,non-anginal,110.0,214.0,False,normal,158.0,False,1.6,flat,0,False,54.35197368421053,0.45723684210526316,0.12930068656073532,50
164,58,Female,Cleveland,asymptomatic,100.0,248.0,False,lv hypertrophy,122.0,False,1.0,flat,0,False,54.35197368421053,0.45723684210526316,0.44128197903372224,50
165,48,Male,Cleveland,non-anginal,124.0,255.0,True,normal,175.0,False,0.0,upsloping,0,False,54.35197368421053,0.45723684210526316,0.5055134216016901,40
166,57,Male,Cleveland,asymptomatic,132.0,207.0,False,normal,168.0,True,0.0,upsloping,0,False,54.35197368421053,0.45723684210526316,0.06506924399276742,50
167,52,Male,Cleveland,non-anginal,138.0,223.0,False,normal,169.0,False,0.0,upsloping,0,False,54.35197368421053,0.45723684210526316,0.21188396986240832,50
168,54,Female,Cleveland,atypical angina,132.0,288.0,True,lv hypertrophy,159.0,True,0.0,upsloping,0,False,54.35197368421053,0.45723684210526316,0.8083187937078244,50
169,35,Male,Cleveland,asymptomatic,126.0,282.0,False,lv hypertrophy,156.0,True,0.0,upsloping,1,True,54.35197368421053,0.45723684210526316,0.7532632715067091,30
170,45,Female,Cleveland,atypical angina,112.0,160.0,False,normal,138.0,False,0.0,flat,0,False,54.35197368421053,0.45723684210526316,-0.3661990132493027,40
171,70,Male,Cleveland,non-anginal,160.0,269.0,False,normal,112.0,True,2.9,flat,3,True,54.35197368421053,0.45723684210526316,0.633976306737626,70
172,53,Male,Cleveland,asymptomatic,142.0,226.0,False,lv hypertrophy,111.0,True,0.0,upsloping,0,False,54.35197368421053,0.45723684210526316,0.239411730962966,50
173,59,Female,Cleveland,asymptomatic,174.0,249.0,False,normal,143.0,True,0.0,flat,1,True,54.35197368421053,0.45723684210526316,0.4504578994005748,50
174,62,Female,Cleveland,asymptomatic,140.0,394.0,False,lv hypertrophy,157.0,False,1.2,flat,0,False,54.35197368421053,0.45723684210526316,1.7809663525941954,60
175,64,Male,Cleveland,asymptomatic,145.0,212.0,False,lv hypertrophy,132.0,False,2.0,flat,4,True,54.35197368421053,0.45723684210526316,0.11094884582703021,60
176,57,Male,Cleveland,asymptomatic,152.0,274.0,False,normal,88.0,True,1.2,flat,1,True,54.35197368421053,0.45723684210526316,0.6798559085718887,50
177,52,Male,Cleveland,asymptomatic,108.0,233.0,True,normal,147.0,False,0.1,upsloping,0,False,54.35197368421053,0.45723684210526316,0.3036431735309339,50
178,56,Male,Cleveland,asymptomatic,132.0,184.0,False,lv hypertrophy,105.0,True,2.1,flat,1,True,54.35197368421053,0.45723684210526316,-0.14597692444484137,50
179,43,Male,Cleveland,non-anginal,130.0,315.0,False,normal,162.0,False,1.9,upsloping,0,False,54.35197368421053,0.45723684210526316,1.0560686436128435,40
180,53,Male,Cleveland,non-anginal,130.0,246.0,True,lv hypertrophy,173.0,False,0.0,upsloping,0,False,54.35197368421053,0.45723684210526316,0.42293013830001713,50
181,48,Male,Cleveland,asymptomatic,124.0,274.0,False,lv hypertrophy,166.0,False,0.5,flat,3,True,54.35197368421053,0.45723684210526316,0.6798559085718887,40
182,56,Female,Cleveland,asymptomatic,134.0,409.0,False,lv hypertrophy,150.0,True,1.9,flat,2,True,54.35197368421053,0.45723684210526316,1.9186051580969838,50
183,42,Male,Cleveland,typical angina,148.0,244.0,False,lv hypertrophy,178.0,False,0.8,upsloping,0,False,54.35197368421053,0.45723684210526316,0.40457829756631203,40
184,59,Male,Cleveland,typical angina,178.0,270.0,False,lv hypertrophy,145.0,False,4.2,downsloping,0,False,54.35197368421053,0.45723684210526316,0.6431522271044785,50
185,60,Female,Cleveland,asymptomatic,158.0,305.0,False,lv hypertrophy,161.0,False,0.0,upsloping,1,True,54.35197368421053,0.45723684210526316,0.964309439944318,60
186,63,Female,Cleveland,atypical angina,140.0,195.0,False,normal,179.0,False,0.0,upsloping,0,False,54.35197368421053,0.45723684210526316,-0.04504180040946325,60
187,42,Male,Cleveland,non-anginal,120.0,240.0,True,normal,194.0,False,0.8,downsloping,0,False,54.35197368421053,0.45723684210526316,0.36787461609890176,40
188,66,Male,Cleveland,atypical angina,160.0,246.0,False,normal,120.0,True,0.0,flat,2,True,54.35197368421053,0.45723684210526316,0.42293013830001713,60
189,54,Male,Cleveland,atypical angina,192.0,283.0,False,lv hypertrophy,195.0,False,0.0,upsloping,1,True,54.35197368421053,0.45723684210526316,0.7624391918735617,50
190,69,Male,Cleveland,non-anginal,140.0,254.0,False,lv hypertrophy,146.0,False,2.0,flat,2,True,54.35197368421053,0.45723684210526316,0.49633750123483755,60
191,50,Male,Cleveland,non-anginal,129.0,196.0,False,normal,163.0,False,0.0,upsloping,0,False,54.35197368421053,0.45723684210526316,-0.03586588004261069,50
192,51,Male,Cleveland,asymptomatic,140.0,298.0,False,normal,122.0,True,4.2,flat,3,True,54.35197368421053,0.45723684210526316,0.9000779973763501,50
193,43,Male,Cleveland,asymptomatic,132.0,247.0,True,lv hypertrophy,143.0,True,0.1,flat,1,True,54.35197368421053,0.45723684210526316,0.4321060586668697,40
194,62,Female,Cleveland,asymptomatic,138.0,294.0,True,normal,106.0,False,1.9,flat,2,True,54.35197368421053,0.45723684210526316,0.8633743159089399,60
195,68,Female,Cleveland,non-anginal,120.0,211.0,False,lv hypertrophy,115.0,False,1.5,flat,0,False,54.35197368421053,0.45723684210526316,0.10177292546017765,60
196,67,Male,Cleveland,asymptomatic,100.0,299.0,False,lv hypertrophy,125.0,True,0.9,flat,3,True,54.35197368421053,0.45723684210526316,0.9092539177432026,60
197,69,Male,Cleveland,typical angina,160.0,234.0,True,lv hypertrophy,131.0,False,0.1,flat,0,False,54.35197368421053,0.45723684210526316,0.31281909389778645,60
198,45,Female,Cleveland,asymptomatic,138.0,236.0,False,lv hypertrophy,152.0,True,0.2,flat,0,False,54.35197368421053,0.45723684210526316,0.33117093463149155,40
199,50,Female,Cleveland,atypical angina,120.0,244.0,False,normal,162.0,False,1.1,upsloping,0,False,54.35197368421053,0.45723684210526316,0.40457829756631203,50
200,59,Male,Cleveland,typical angina,160.0,273.0,False,lv hypertrophy,125.0,False,0.0,upsloping,1,True,54.35197368421053,0.45723684210526316,0.6706799882050362,50
201,50,Female,Cleveland,asymptomatic,110.0,254.0,False,lv hypertrophy,159.0,False,0.0,upsloping,0,False,54.35197368421053,0.45723684210526316,0.49633750123483755,50
202,64,Female,Cleveland,asymptomatic,180.0,325.0,False,normal,154.0,True,0.0,upsloping,0,False,54.35197368421053,0.45723684210526316,1.147827847281369,60
203,57,Male,Cleveland,non-anginal,150.0,126.0,True,normal,173.0,False,0.2,upsloping,0,False,54.35197368421053,0.45723684210526316,-0.6781803057222896,50
204,64,Female,Cleveland,non-anginal,140.0,313.0,False,normal,133.0,False,0.2,upsloping,0,False,54.35197368421053,0.45723684210526316,1.0377168028791384,60
205,43,Male,Cleveland,asymptomatic,110.0,211.0,False,normal,161.0,False,0.0,upsloping,0,False,54.35197368421053,0.45723684210526316,0.10177292546017765,40
206,45,Male,Cleveland,asymptomatic,142.0,309.0,False,lv hypertrophy,147.0,True,0.0,flat,3,True,54.35197368421053,0.45723684210526316,1.0010131214117282,40
207,58,Male,Cleveland,asymptomatic,128.0,259.0,False,lv hypertrophy,130.0,True,3.0,flat,3,True,54.35197368421053,0.45723684210526316,0.5422171030691003,50
208,50,Male,Cleveland,asymptomatic,144.0,200.0,False,lv hypertrophy,126.0,True,0.9,flat,3,True,54.35197368421053,0.45723684210526316,0.0008378014247995337,50
209,55,Male,Cleveland,atypical angina,130.0,262.0,False,normal,155.0,False,0.0,upsloping,0,False,54.35197368421053,0.45723684210526316,0.569744864169658,50
210,62,Female,Cleveland,asymptomatic,150.0,244.0,False,normal,154.0,True,1.4,flat,1,True,54.35197368421053,0.45723684210526316,0.40457829756631203,60
211,37,Female,Cleveland,non-anginal,120.0,215.0,False,normal,170.0,False,0.0,upsloping,0,False,54.35197368421053,0.45723684210526316,0.13847660692758787,30
212,38,Male,Cleveland,typical angina,120.0,231.0,False,normal,182.0,True,3.8,flat,4,True,54.35197368421053,0.45723684210526316,0.2852913327972288,30
213,41,Male,Cleveland,non-anginal,130.0,214.0,False,lv hypertrophy,168.0,False,2.0,flat,0,False,54.35197368421053,0.45723684210526316,0.12930068656073532,40
214,66,Female,Cleveland,asymptomatic,178.0,228.0,True,normal,165.0,True,1.0,flat,3,True,54.35197368421053,0.45723684210526316,0.25776357169667113,60
215,52,Male,Cleveland,asymptomatic,112.0,230.0,False,normal,160.0,False,0.0,upsloping,1,True,54.35197368421053,0.45723684210526316,0.27611541243037624,50
216,56,Male,Cleveland,typical angina,120.0,193.0,False,lv hypertrophy,162.0,False,1.9,flat,0,False,54.35197368421053,0.45723684210526316,-0.06339364114316837,50
217,46,Female,Cleveland,atypical angina,105.0,204.0,False,normal,172.0,False,0.0,upsloping,0,False,54.35197368421053,0.45723684210526316,0.03754148289220976,40
218,46,Female,Cleveland,asymptomatic,138.0,243.0,False,lv hypertrophy,152.0,True,0.0,flat,0,False,54.35197368421053,0.45723684210526316,0.3954023771994595,40
219,64,Female,Cleveland,asymptomatic,130.0,303.0,False,normal,122.0,False,2.0,flat,0,False,54.35197368421053,0.45723684210526316,0.9459575992106128,60
220,59,Male,Cleveland,asymptomatic,138.0,271.0,False,lv hypertrophy,182.0,False,0.0,upsloping,0,False,54.35197368421053,0.45723684210526316,0.652328147471331,50
221,41,Female,Cleveland,non-anginal,112.0,268.0,False,lv hypertrophy,172.0,True,0.0,upsloping,0,False,54.35197368421053,0.45723684210526316,0.6248003863707734,40
222,54,Female,Cleveland,non-anginal,108.0,267.0,False,lv hypertrophy,167.0,False,0.0,upsloping,0,False,54.35197368421053,0.45723684210526316,0.6156244660039208,50
223,39,Female,Cleveland,non-anginal,94.0,199.0,False,normal,179.0,False,0.0,upsloping,0,False,54.35197368421053,0.45723684210526316,-0.008338118942053023,30
224,53,Male,Cleveland,asymptomatic,123.0,282.0,False,normal,95.0,True,2.0,flat,3,True,54.35197368421053,0.45723684210526316,0.7532632715067091,50
225,63,Female,Cleveland,asymptomatic,108.0,269.0,False,normal,169.0,True,1.8,flat,1,True,54.35197368421053,0.45723684210526316,0.633976306737626,60
226,34,Female,Cleveland,atypical angina,118.0,210.0,False,normal,192.0,False,0.7,upsloping,0,False,54.35197368421053,0.45723684210526316,0.0925970050933251,30
227,47,Male,Cleveland,asymptomatic,112.0,204.0,False,normal,143.0,False,0.1,upsloping,0,False,54.35197368421053,0.45723684210526316,0.03754148289220976,40
228,67,Female,Cleveland,non-anginal,152.0,277.0,False,normal,172.0,False,0.0,upsloping,0,False,54.35197368421053,0.45723684210526316,0.7073836696724464,60
229,54,Male,Cleveland,asymptomatic,110.0,206.0,False,lv hypertrophy,108.0,True,0.0,flat,3,True,54.35197368421053,0.45723684210526316,0.05589332362591487,50
230,66,Male,Cleveland,asymptomatic,112.0,212.0,False,lv hypertrophy,132.0,True,0.1,upsloping,2,True,54.35197368421053,0.45723684210526316,0.11094884582703021,60
231,52,Female,Cleveland,non-anginal,136.0,196.0,False,lv hypertrophy,169.0,False,0.1,flat,0,False,54.35197368421053,0.45723684210526316,-0.03586588004261069,50
232,55,Female,Cleveland,asymptomatic,180.0,327.0,False,st-t abnormality,117.0,True,3.4,flat,2,True,54.35197368421053,0.45723684210526316,1.166179688015074,50
233,49,Male,Cleveland,non-anginal,118.0,149.0,False,lv hypertrophy,126.0,False,0.8,upsloping,1,True,54.35197368421053,0.45723684210526316,-0.46713413728468084,40
234,74,Female,Cleveland,atypical angina,120.0,269.0,False,lv hypertrophy,121.0,True,0.2,upsloping,0,False,54.35197368421053,0.45723684210526316,0.633976306737626,70
235,54,Female,Cleveland,non-anginal,160.0,201.0,False,normal,163.0,False,0.0,upsloping,0,False,54.35197368421053,0.45723684210526316,0.010013721791652089,50
236,54,Male,Cleveland,asymptomatic,122.0,286.0,False,lv hypertrophy,116.0,True,3.2,flat,3,True,54.35197368421053,0.45723684210526316,0.7899669529741193,50
237,56,Male,Cleveland,asymptomatic,130.0,283.0,True,lv hypertrophy,103.0,True,1.6,downsloping,2,True,54.35197368421053,0.45723684210526316,0.7624391918735617,50
238,46,Male,Cleveland,asymptomatic,120.0,249.0,False,lv hypertrophy,144.0,False,0.8,upsloping,1,True,54.35197368421053,0.45723684210526316,0.4504578994005748,40
239,49,Female,Cleveland,atypical angina,134.0,271.0,False,normal,162.0,False,0.0,flat,0,False,54.35197368421053,0.45723684210526316,0.652328147471331,40
240,42,Male,Cleveland,atypical angina,120.0,295.0,False,normal,162.0,False,0.0,upsloping,0,False,54.35197368421053,0.45723684210526316,0.8725502362757924,40
241,41,Male,Cleveland,atypical angina,110.0,235.0,False,normal,153.0,False,0.0,upsloping,0,False,54.35197368421053,0.45723684210526316,0.321995014264639,40
242,41,Female,Cleveland,atypical angina,126.0,306.0,False,normal,163.0,False,0.0,upsloping,0,False,54.35197368421053,0.45723684210526316,0.9734853603111705,40
243,49,Female,Cleveland,asymptomatic,130.0,269.0,False,normal,163.0,False,0.0,upsloping,0,False,54.35197368421053,0.45723684210526316,0.633976306737626,40
244,61,Male,Cleveland,typical angina,134.0,234.0,False,normal,145.0,False,2.6,flat,2,True,54.35197368421053,0.45723684210526316,0.31281909389778645,60
245,60,Female,Cleveland,non-anginal,120.0,178.0,True,normal,96.0,False,0.0,upsloping,0,False,54.35197368421053,0.45723684210526316,-0.2010324466459567,60
246,67,Male,Cleveland,asymptomatic,120.0,237.0,False,normal,71.0,False,1.0,flat,2,True,54.35197368421053,0.45723684210526316,0.3403468549983441,60
247,58,Male,Cleveland,asymptomatic,100.0,234.0,False,normal,156.0,False,0.1,upsloping,2,True,54.35197368421053,0.45723684210526316,0.31281909389778645,50
248,47,Male,Cleveland,asymptomatic,110.0,275.0,False,lv hypertrophy,118.0,True,1.0,flat,1,True,54.35197368421053,0.45723684210526316,0.6890318289387413,40
249,52,Male,Cleveland,asymptomatic,125.0,212.0,False,normal,168.0,False,1.0,upsloping,3,True,54.35197368421053,0.45723684210526316,0.11094884582703021,50
250,62,Male,Cleveland,atypical angina,128.0,208.0,True,lv hypertrophy,140.0,False,0.0,upsloping,0,False,54.35197368421053,0.45723684210526316,0.07424516435961999,60
251,57,Male,Cleveland,asymptomatic,110.0,201.0,False,normal,126.0,True,1.5,flat,0,False,54.35197368421053,0.45723684210526316,0.010013721791652089,50
252,58,Male,Cleveland,asymptomatic,146.0,218.0,False,normal,105.0,False,2.0,flat,1,True,54.35197368421053,0.45723684210526316,0.16600436802814555,50
253,64,Male,Cleveland,asymptomatic,128.0,263.0,False,normal,105.0,True,0.2,flat,0,False,54.35197368421053,0.45723684210526316,0.5789207845365105,60
254,51,Female,Cleveland,non-anginal,120.0,295.0,False,lv hypertrophy,157.0,False,0.6,upsloping,0,False,54.35197368421053,0.45723684210526316,0.8725502362757924,50
255,43,Male,Cleveland,asymptomatic,115.0,303.0,False,normal,181.0,False,1.2,flat,0,False,54.35197368421053,0.45723684210526316,0.9459575992106128,40
256,42,Female,Cleveland,non-anginal,120.0,209.0,False,normal,173.0,False,0.0,flat,0,False,54.35197368421053,0.45723684210526316,0.08342108472647254,40
257,67,Female,Cleveland,asymptomatic,106.0,223.0,False,normal,142.0,False,0.3,upsloping,0,False,54.35197368421053,0.45723684210526316,0.21188396986240832,60
258,76,Female,Cleveland,non-anginal,140.0,197.0,False,st-t abnormality,116.0,False,1.1,flat,0,False,54.35197368421053,0.45723684210526316,-0.026689959675758136,70
259,70,Male,Cleveland,atypical angina,156.0,245.0,False,lv hypertrophy,143.0,False,0.0,upsloping,0,False,54.35197368421053,0.45723684210526316,0.4137542179331646,70
260,57,Male,Cleveland,atypical angina,124.0,261.0,False,normal,141.0,False,0.3,upsloping,1,True,54.35197368421053,0.45723684210526316,0.5605689438028054,50
261,44,Female,Cleveland,non-anginal,118.0,242.0,False,normal,149.0,False,0.3,flat,0,False,54.35197368421053,0.45723684210526316,0.3862264568326069,40
262,58,Female,Cleveland,atypical angina,136.0,319.0,True,lv hypertrophy,152.0,False,0.0,upsloping,3,True,54.35197368421053,0.45723684210526316,1.0927723250802537,50
263,60,Female,Cleveland,typical angina,150.0,240.0,False,normal,171.0,False,0.9,upsloping,0,False,54.35197368421053,0.45723684210526316,0.36787461609890176,60
264,44,Male,Cleveland,non-anginal,120.0,226.0,False,normal,169.0,False,0.0,upsloping,0,False,54.35197368421053,0.45723684210526316,0.239411730962966,40
265,61,Male,Cleveland,asymptomatic,138.0,166.0,False,lv hypertrophy,125.0,True,3.6,flat,4,True,54.35197368421053,0.45723684210526316,-0.3111434910481874,60
266,42,Male,Cleveland,asymptomatic,136.0,315.0,False,normal,125.0,True,1.8,flat,2,True,54.35197368421053,0.45723684210526316,1.0560686436128435,40
267,52,Male,Cleveland,asymptomatic,128.0,204.0,True,normal,156.0,True,1.0,flat,2,True,54.35197368421053,0.45723684210526316,0.03754148289220976,50
268,59,Male,Cleveland,non-anginal,126.0,218.0,True,normal,134.0,False,2.2,flat,2,True,54.35197368421053,0.45723684210526316,0.16600436802814555,50
269,40,Male,Cleveland,asymptomatic,152.0,223.0,False,normal,181.0,False,0.0,upsloping,1,True,54.35197368421053,0.45723684210526316,0.21188396986240832,40
270,42,Male,Cleveland,non-anginal,130.0,180.0,False,normal,150.0,False,0.0,upsloping,0,False,54.35197368421053,0.45723684210526316,-0.1826806059122516,40
271,61,Male,Cleveland,asymptomatic,140.0,207.0,False,lv hypertrophy,138.0,True,1.9,upsloping,1,True,54.35197368421053,0.45723684210526316,0.06506924399276742,60
272,66,Male,Cleveland,asymptomatic,160.0,228.0,False,lv hypertrophy,138.0,False,2.3,upsloping,0,False,54.35197368421053,0.45723684210526316,0.25776357169667113,60
273,46,Male,Cleveland,asymptomatic,140.0,311.0,False,normal,120.0,True,1.8,flat,2,True,54.35197368421053,0.45723684210526316,1.0193649621454333,40
274,71,Female,Cleveland,asymptomatic,112.0,149.0,False,normal,125.0,False,1.6,flat,0,False,54.35197368421053,0.45723684210526316,-0.46713413728468084,70
275,59,Male,Cleveland,typical angina,134.0,204.0,False,normal,162.0,False,0.8,upsloping,1,True,54.35197368421053,0.45723684210526316,0.03754148289220976,50
276,64,Male,Cleveland,typical angina,170.0,227.0,False,lv hypertrophy,155.0,False,0.6,flat,0,False,54.35197368421053,0.45723684210526316,0.24858765132981855,60
277,66,Female,Cleveland,non-anginal,146.0,278.0,False,lv hypertrophy,152.0,False,0.0,flat,0,False,54.35197368421053,0.45723684210526316,0.7165595900392989,60
278,39,Female,Cleveland,non-anginal,138.0,220.0,False,normal,152.0,False,0.0,flat,0,False,54.35197368421053,0.45723684210526316,0.18435620876185066,30
279,57,Male,Cleveland,atypical angina,154.0,232.0,False,lv hypertrophy,164.0,False,0.0,upsloping,1,True,54.35197368421053,0.45723684210526316,0.29446725316408134,50
280,58,Female,Cleveland,asymptomatic,130.0,197.0,False,normal,131.0,False,0.6,flat,0,False,54.35197368421053,0.45723684210526316,-0.026689959675758136,50
281,57,Male,Cleveland,asymptomatic,110.0,335.0,False,normal,143.0,True,3.0,flat,2,True,54.35197368421053,0.45723684210526316,1.2395870509498945,50
282,47,Male,Cleveland,non-anginal,130.0,253.0,False,normal,179.0,False,0.0,upsloping,0,False,54.35197368421053,0.45723684210526316,0.487161580867985,40
283,55,Female,Cleveland,asymptomatic,128.0,205.0,False,st-t abnormality,130.0,True,2.0,flat,3,True,54.35197368421053,0.45723684210526316,0.04671740325906232,50
284,35,Male,Cleveland,atypical angina,122.0,192.0,False,normal,174.0,False,0.0,upsloping,0,False,54.35197368421053,0.45723684210526316,-0.07256956151002092,30
285,61,Male,Cleveland,asymptomatic,148.0,203.0,False,normal,161.0,False,0.0,upsloping,2,True,54.35197368421053,0.45723684210526316,0.028365562525357203,60
286,58,Male,Cleveland,asymptomatic,114.0,318.0,False,st-t abnormality,140.0,False,4.4,downsloping,4,True,54.35197368421053,0.45723684210526316,1.0835964047134012,50
287,58,Female,Cleveland,asymptomatic,170.0,225.0,True,lv hypertrophy,146.0,True,2.8,flat,2,True,54.35197368421053,0.45723684210526316,0.23023581059611345,50
288,58,Male,Cleveland,atypical angina,125.0,220.0,False,normal,144.0,False,0.4,flat,0,False,54.35197368421053,0.45723684210526316,0.18435620876185066,50
289,56,Male,Cleveland,atypical angina,130.0,221.0,False,lv hypertrophy,163.0,False,0.0,upsloping,0,False,54.35197368421053,0.45723684210526316,0.1935321291287032,50
290,56,Male,Cleveland,atypical angina,120.0,240.0,False,normal,169.0,False,0.0,downsloping,0,False,54.35197368421053,0.45723684210526316,0.36787461609890176,50
291,67,Male,Cleveland,non-anginal,152.0,212.0,False,lv hypertrophy,150.0,False,0.8,flat,1,True,54.35197368421053,0.45723684210526316,0.11094884582703021,60
292,55,Female,Cleveland,atypical angina,132.0,342.0,False,normal,166.0,False,1.2,upsloping,0,False,54.35197368421053,0.45723684210526316,1.3038184935178625,50
293,44,Male,Cleveland,asymptomatic,120.0,169.0,False,normal,144.0,True,2.8,downsloping,2,True,54.35197368421053,0.45723684210526316,-0.28361572994762974,40
294,63,Male,Cleveland,asymptomatic,140.0,187.0,False,lv hypertrophy,144.0,True,4.0,upsloping,2,True,54.35197368421053,0.45723684210526316,-0.1184491633442837,60
295,63,Female,Cleveland,asymptomatic,124.0,197.0,False,normal,136.0,True,0.0,flat,1,True,54.35197368421053,0.45723684210526316,-0.026689959675758136,60
296,41,Male,Cleveland,atypical angina,120.0,157.0,False,normal,182.0,False,0.0,upsloping,0,False,54.35197368421053,0.45723684210526316,-0.39372677434986036,40
297,59,Male,Cleveland,asymptomatic,164.0,176.0,True,lv hypertrophy,90.0,False,1.0,flat,3,True,54.35197368421053,0.45723684210526316,-0.2193842873796618,50
298,57,Female,Cleveland,asymptomatic,140.0,241.0,False,normal,123.0,True,0.2,flat,1,True,54.35197368421053,0.45723684210526316,0.3770505364657543,50
299,45,Male,Cleveland,typical angina,110.0,264.0,False,normal,132.0,False,1.2,flat,1,True,54.35197368421053,0.45723684210526316,0.5880967049033632,40
300,68,Male,Cleveland,asymptomatic,144.0,193.0,True,normal,141.0,False,3.4,flat,2,True,54.35197368421053,0.45723684210526316,-0.06339364114316837,60
301,57,Male,Cleveland,asymptomatic,130.0,131.0,False,normal,115.0,True,1.2,flat,3,True,54.35197368421053,0.45723684210526316,-0.6323007038880268,50
302,57,Female,Cleveland,atypical angina,130.0,236.0,False,lv hypertrophy,174.0,False,0.0,flat,1,True,54.35197368421053,0.45723684210526316,0.33117093463149155,50
303,38,Male,Cleveland,non-anginal,138.0,175.0,False,normal,173.0,False,0.0,upsloping,0,False,54.35197368421053,0.45723684210526316,-0.22856020774651437,30
304,28,Male,Cleveland,atypical angina,130.0,132.0,False,lv hypertrophy,185.0,False,0.0,Unknown,0,False,54.35197368421053,0.45723684210526316,-0.6231247835211743,20
305,29,Male,Hungary,atypical angina,120.0,243.0,False,normal,160.0,False,0.0,Unknown,0,False,47.89419795221843,0.36177474402730375,0.3954023771994595,20
306,29,Male,Hungary,atypical angina,140.0,223.0,False,normal,170.0,False,0.0,Unknown,0,False,47.89419795221843,0.36177474402730375,0.21188396986240832,20
307,30,Female,Hungary,typical angina,170.0,237.0,False,st-t abnormality,170.0,False,0.0,Unknown,0,False,47.89419795221843,0.36177474402730375,0.3403468549983441,30
308,31,Female,Hungary,atypical angina,100.0,219.0,False,st-t abnormality,150.0,False,0.0,Unknown,0,False,47.89419795221843,0.36177474402730375,0.1751802883949981,30
309,32,Female,Hungary,atypical angina,105.0,198.0,False,normal,165.0,False,0.0,Unknown,0,False,47.89419795221843,0.36177474402730375,-0.01751403930890558,30
310,32,Male,Hungary,atypical angina,110.0,225.0,False,normal,184.0,False,0.0,Unknown,0,False,47.89419795221843,0.36177474402730375,0.23023581059611345,30
311,32,Male,Hungary,atypical angina,125.0,254.0,False,normal,155.0,False,0.0,Unknown,0,False,47.89419795221843,0.36177474402730375,0.49633750123483755,30
312,33,Male,Hungary,non-anginal,120.0,298.0,False,normal,185.0,False,0.0,Unknown,0,False,47.89419795221843,0.36177474402730375,0.9000779973763501,30
313,34,Female,Hungary,atypical angina,130.0,161.0,False,normal,190.0,False,0.0,Unknown,0,False,47.89419795221843,0.36177474402730375,-0.35702309288245015,30
314,34,Male,Hungary,atypical angina,150.0,214.0,False,st-t abnormality,168.0,False,0.0,Unknown,0,False,47.89419795221843,0.36177474402730375,0.12930068656073532,30
315,34,Male,Hungary,atypical angina,98.0,220.0,False,normal,150.0,False,0.0,Unknown,0,False,47.89419795221843,0.36177474402730375,0.18435620876185066,30
316,35,Female,Hungary,typical angina,120.0,160.0,False,st-t abnormality,185.0,False,0.0,Unknown,0,False,47.89419795221843,0.36177474402730375,-0.3661990132493027,30
317,35,Female,Hungary,asymptomatic,140.0,167.0,False,normal,150.0,False,0.0,Unknown,0,False,47.89419795221843,0.36177474402730375,-0.30196757068133484,30
318,35,Male,Hungary,atypical angina,120.0,308.0,False,lv hypertrophy,180.0,False,0.0,Unknown,0,False,47.89419795221843,0.36177474402730375,0.9918372010448756,30
319,35,Male,Hungary,atypical angina,150.0,264.0,False,normal,168.0,False,0.0,Unknown,0,False,47.89419795221843,0.36177474402730375,0.5880967049033632,30
320,36,Male,Hungary,atypical angina,120.0,166.0,False,normal,180.0,False,0.0,Unknown,0,False,47.89419795221843,0.36177474402730375,-0.3111434910481874,30
321,36,Male,Hungary,non-anginal,112.0,340.0,False,normal,184.0,False,1.0,flat,0,False,47.89419795221843,0.36177474402730375,1.2854666527841574,30
322,36,Male,Hungary,non-anginal,130.0,209.0,False,normal,178.0,False,0.0,Unknown,0,False,47.89419795221843,0.36177474402730375,0.08342108472647254,30
323,36,Male,Hungary,non-anginal,150.0,160.0,False,normal,172.0,False,0.0,Unknown,0,False,47.89419795221843,0.36177474402730375,-0.3661990132493027,30
324,37,Female,Hungary,atypical angina,120.0,260.0,False,normal,130.0,False,0.0,Unknown,0,False,47.89419795221843,0.36177474402730375,0.5513930234359529,30
325,37,Female,Hungary,non-anginal,130.0,211.0,False,normal,142.0,False,0.0,Unknown,0,False,47.89419795221843,0.36177474402730375,0.10177292546017765,30
326,37,Female,Hungary,asymptomatic,130.0,173.0,False,st-t abnormality,184.0,False,0.0,Unknown,0,False,47.89419795221843,0.36177474402730375,-0.2469120484802195,30
327,37,Male,Hungary,atypical angina,130.0,283.0,False,st-t abnormality,98.0,False,0.0,Unknown,0,False,47.89419795221843,0.36177474402730375,0.7624391918735617,30
328,37,Male,Hungary,non-anginal,130.0,194.0,False,normal,150.0,False,0.0,Unknown,0,False,47.89419795221843,0.36177474402730375,-0.05421772077631581,30
329,37,Male,Hungary,asymptomatic,120.0,223.0,False,normal,168.0,False,0.0,Unknown,0,False,47.89419795221843,0.36177474402730375,0.21188396986240832,30
330,37,Male,Hungary,asymptomatic,130.0,315.0,False,normal,158.0,False,0.0,Unknown,0,False,47.89419795221843,0.36177474402730375,1.0560686436128435,30
331,38,Female,Hungary,atypical angina,120.0,275.0,False,normal,129.0,False,0.0,Unknown,0,False,47.89419795221843,0.36177474402730375,0.6890318289387413,30
332,38,Male,Hungary,atypical angina,140.0,297.0,False,normal,150.0,False,0.0,Unknown,0,False,47.89419795221843,0.36177474402730375,0.8909020770094975,30
333,38,Male,Hungary,non-anginal,145.0,292.0,False,normal,130.0,False,0.0,Unknown,0,False,47.89419795221843,0.36177474402730375,0.8450224751752348,30
334,39,Female,Hungary,non-anginal,110.0,182.0,False,st-t abnormality,180.0,False,0.0,Unknown,0,False,47.89419795221843,0.36177474402730375,-0.16432876517854647,30
335,39,Male,Hungary,atypical angina,120.0,223.0,False,st-t abnormality,146.0,False,2.0,upsloping,0,False,47.89419795221843,0.36177474402730375,0.21188396986240832,30
336,39,Male,Hungary,atypical angina,120.0,200.0,False,normal,160.0,True,1.0,flat,0,False,47.89419795221843,0.36177474402730375,0.0008378014247995337,30
337,39,Male,Hungary,atypical angina,120.0,204.0,False,normal,145.0,False,0.0,Unknown,0,False,47.89419795221843,0.36177474402730375,0.03754148289220976,30
338,39,Male,Hungary,atypical angina,130.0,223.0,False,normal,120.0,False,0.0,Unknown,0,False,47.89419795221843,0.36177474402730375,0.21188396986240832,30
339,39,Male,Hungary,atypical angina,190.0,241.0,False,normal,106.0,False,0.0,Unknown,0,False,47.89419795221843,0.36177474402730375,0.3770505364657543,30
340,39,Male,Hungary,non-anginal,120.0,339.0,False,normal,170.0,False,0.0,Unknown,0,False,47.89419795221843,0.36177474402730375,1.276290732417305,30
341,39,Male,Hungary,non-anginal,160.0,147.0,True,normal,160.0,False,0.0,Unknown,0,False,47.89419795221843,0.36177474402730375,-0.48548597801838594,30
342,39,Male,Hungary,asymptomatic,110.0,273.0,False,normal,132.0,False,0.0,Unknown,0,False,47.89419795221843,0.36177474402730375,0.6706799882050362,30
343,39,Male,Hungary,asymptomatic,130.0,307.0,False,normal,140.0,False,0.0,Unknown,0,False,47.89419795221843,0.36177474402730375,0.982661280678023,30
344,40,Male,Hungary,atypical angina,130.0,275.0,False,normal,150.0,False,0.0,Unknown,0,False,47.89419795221843,0.36177474402730375,0.6890318289387413,40
345,40,Male,Hungary,atypical angina,140.0,289.0,False,normal,172.0,False,0.0,Unknown,0,False,47.89419795221843,0.36177474402730375,0.817494714074677,40
346,40,Male,Hungary,non-anginal,130.0,215.0,False,normal,138.0,False,0.0,Unknown,0,False,47.89419795221843,0.36177474402730375,0.13847660692758787,40
347,40,Male,Hungary,non-anginal,130.0,281.0,False,normal,167.0,False,0.0,Unknown,0,False,47.89419795221843,0.36177474402730375,0.7440873511398566,40
348,40,Male,Hungary,non-anginal,140.0,223.0,False,normal,188.0,False,0.0,Unknown,0,False,47.89419795221843,0.36177474402730375,0.21188396986240832,40
349,41,Female,Hungary,atypical angina,110.0,250.0,False,st-t abnormality,142.0,False,0.0,Unknown,0,False,47.89419795221843,0.36177474402730375,0.45963381976742734,40
350,41,Female,Hungary,atypical angina,125.0,184.0,False,normal,180.0,False,0.0,Unknown,0,False,47.89419795221843,0.36177474402730375,-0.14597692444484137,40
351,41,Female,Hungary,atypical angina,130.0,245.0,False,normal,150.0,False,0.0,Unknown,0,False,47.89419795221843,0.36177474402730375,0.4137542179331646,40
352,41,Male,Hungary,atypical angina,120.0,291.0,False,st-t abnormality,160.0,False,0.0,Unknown,0,False,47.89419795221843,0.36177474402730375,0.8358465548083821,40
353,41,Male,Hungary,atypical angina,120.0,295.0,False,normal,170.0,False,0.0,Unknown,0,False,47.89419795221843,0.36177474402730375,0.8725502362757924,40
354,41,Male,Hungary,atypical angina,125.0,269.0,False,normal,144.0,False,0.0,Unknown,0,False,47.89419795221843,0.36177474402730375,0.633976306737626,40
355,41,Male,Hungary,asymptomatic,112.0,250.0,False,normal,142.0,False,0.0,Unknown,0,False,47.89419795221843,0.36177474402730375,0.45963381976742734,40
356,42,Female,Hungary,non-anginal,115.0,211.0,False,st-t abnormality,137.0,False,0.0,Unknown,0,False,47.89419795221843,0.36177474402730375,0.10177292546017765,40
357,42,Male,Hungary,atypical angina,120.0,196.0,False,normal,150.0,False,0.0,Unknown,0,False,47.89419795221843,0.36177474402730375,-0.03586588004261069,40
358,42,Male,Hungary,atypical angina,120.0,198.0,False,normal,155.0,False,0.0,Unknown,0,False,47.89419795221843,0.36177474402730375,-0.01751403930890558,40
359,42,Male,Hungary,atypical angina,150.0,268.0,False,normal,136.0,False,0.0,Unknown,0,False,47.89419795221843,0.36177474402730375,0.6248003863707734,40
360,42,Male,Hungary,non-anginal,120.0,228.0,False,normal,152.0,True,1.5,flat,0,False,47.89419795221843,0.36177474402730375,0.25776357169667113,40
361,42,Male,Hungary,non-anginal,160.0,147.0,False,normal,146.0,False,0.0,Unknown,0,False,47.89419795221843,0.36177474402730375,-0.48548597801838594,40
362,42,Male,Hungary,asymptomatic,140.0,358.0,False,normal,170.0,False,0.0,Unknown,0,False,47.89419795221843,0.36177474402730375,1.4506332193875033,40
363,43,Female,Hungary,typical angina,100.0,223.0,False,normal,142.0,False,0.0,Unknown,0,False,47.89419795221843,0.36177474402730375,0.21188396986240832,40
364,43,Female,Hungary,atypical angina,120.0,201.0,False,normal,165.0,False,0.0,Unknown,0,False,47.89419795221843,0.36177474402730375,0.010013721791652089,40
365,43,Female,Hungary,atypical angina,120.0,215.0,False,st-t abnormality,175.0,False,0.0,Unknown,0,False,47.89419795221843,0.36177474402730375,0.13847660692758787,40
366,43,Female,Hungary,atypical angina,120.0,249.0,False,st-t abnormality,176.0,False,0.0,Unknown,0,False,47.89419795221843,0.36177474402730375,0.4504578994005748,40
367,43,Female,Hungary,atypical angina,120.0,266.0,False,normal,118.0,False,0.0,Unknown,0,False,47.89419795221843,0.36177474402730375,0.6064485456370683,40
368,43,Female,Hungary,atypical angina,150.0,186.0,False,normal,154.0,False,0.0,Unknown,0,False,47.89419795221843,0.36177474402730375,-0.12762508371113626,40
369,43,Female,Hungary,non-anginal,150.0,223.0,False,normal,175.0,False,0.0,Unknown,0,False,47.89419795221843,0.36177474402730375,0.21188396986240832,40
370,43,Male,Hungary,atypical angina,142.0,207.0,False,normal,138.0,False,0.0,Unknown,0,False,47.89419795221843,0.36177474402730375,0.06506924399276742,40
371,44,Female,Hungary,asymptomatic,120.0,218.0,False,st-t abnormality,115.0,False,0.0,Unknown,0,False,47.89419795221843,0.36177474402730375,0.16600436802814555,40
372,44,Male,Hungary,atypical angina,120.0,184.0,False,normal,142.0,False,1.0,flat,0,False,47.89419795221843,0.36177474402730375,-0.14597692444484137,40
373,44,Male,Hungary,atypical angina,130.0,215.0,False,normal,135.0,False,0.0,Unknown,0,False,47.89419795221843,0.36177474402730375,0.13847660692758787,40
374,44,Male,Hungary,asymptomatic,150.0,412.0,False,normal,170.0,False,0.0,Unknown,0,False,47.89419795221843,0.36177474402730375,1.9461329191975414,40
375,45,Female,Hungary,atypical angina,130.0,237.0,False,normal,170.0,False,0.0,Unknown,0,False,47.89419795221843,0.36177474402730375,0.3403468549983441,40
376,45,Female,Hungary,atypical angina,180.0,223.0,False,normal,180.0,False,0.0,Unknown,0,False,47.89419795221843,0.36177474402730375,0.21188396986240832,40
377,45,Female,Hungary,asymptomatic,132.0,297.0,False,normal,144.0,False,0.0,Unknown,0,False,47.89419795221843,0.36177474402730375,0.8909020770094975,40
378,45,Male,Hungary,atypical angina,140.0,224.0,True,normal,122.0,False,0.0,Unknown,0,False,47.89419795221843,0.36177474402730375,0.2210598902292609,40
379,45,Male,Hungary,non-anginal,135.0,223.0,False,normal,110.0,False,0.0,Unknown,0,False,47.89419795221843,0.36177474402730375,0.21188396986240832,40
380,45,Male,Hungary,asymptomatic,120.0,225.0,False,normal,140.0,False,0.0,Unknown,0,False,47.89419795221843,0.36177474402730375,0.23023581059611345,40
381,45,Male,Hungary,asymptomatic,140.0,224.0,False,normal,144.0,False,0.0,Unknown,0,False,47.89419795221843,0.36177474402730375,0.2210598902292609,40
382,46,Female,Hungary,asymptomatic,130.0,238.0,False,normal,90.0,False,0.0,Unknown,0,False,47.89419795221843,0.36177474402730375,0.34952277536519666,40
383,46,Male,Hungary,atypical angina,140.0,275.0,False,normal,165.0,True,0.0,Unknown,0,False,47.89419795221843,0.36177474402730375,0.6890318289387413,40
384,46,Male,Hungary,non-anginal,120.0,230.0,False,normal,150.0,False,0.0,Unknown,0,False,47.89419795221843,0.36177474402730375,0.27611541243037624,40
385,46,Male,Hungary,non-anginal,150.0,163.0,False,normal,116.0,False,0.0,Unknown,0,False,47.89419795221843,0.36177474402730375,-0.33867125214874505,40
386,46,Male,Hungary,asymptomatic,110.0,238.0,False,st-t abnormality,140.0,True,1.0,flat,0,False,47.89419795221843,0.36177474402730375,0.34952277536519666,40
387,46,Male,Hungary,asymptomatic,110.0,240.0,False,st-t abnormality,140.0,False,0.0,Unknown,0,False,47.89419795221843,0.36177474402730375,0.36787461609890176,40
388,46,Male,Hungary,asymptomatic,180.0,280.0,False,st-t abnormality,120.0,False,0.0,Unknown,0,False,47.89419795221843,0.36177474402730375,0.734911430773004,40
389,47,Female,Hungary,atypical angina,140.0,257.0,False,normal,135.0,False,1.0,upsloping,0,False,47.89419795221843,0.36177474402730375,0.5238652623353952,40
390,47,Female,Hungary,non-anginal,130.0,223.0,False,normal,145.0,False,2.0,flat,0,False,47.89419795221843,0.36177474402730375,0.21188396986240832,40
391,47,Male,Hungary,typical angina,110.0,249.0,False,normal,150.0,False,0.0,Unknown,0,False,47.89419795221843,0.36177474402730375,0.4504578994005748,40
392,47,Male,Hungary,atypical angina,160.0,263.0,False,normal,174.0,False,0.0,Unknown,0,False,47.89419795221843,0.36177474402730375,0.5789207845365105,40
393,47,Male,Hungary,asymptomatic,140.0,276.0,True,normal,125.0,True,0.0,Unknown,0,False,47.89419795221843,0.36177474402730375,0.6982077493055938,40
394,48,Female,Hungary,atypical angina,130.0,308.0,False,st-t abnormality,140.0,False,2.0,upsloping,0,False,47.89419795221843,0.36177474402730375,0.9918372010448756,40
395,48,Female,Hungary,atypical angina,120.0,223.0,True,st-t abnormality,148.0,False,0.0,Unknown,0,False,47.89419795221843,0.36177474402730375,0.21188396986240832,40
396,48,Female,Hungary,atypical angina,120.0,284.0,False,normal,120.0,False,0.0,Unknown,0,False,47.89419795221843,0.36177474402730375,0.7716151122404142,40
397,48,Female,Hungary,non-anginal,120.0,195.0,False,normal,125.0,False,0.0,Unknown,0,False,47.89419795221843,0.36177474402730375,-0.04504180040946325,40
398,48,Female,Hungary,asymptomatic,108.0,163.0,False,normal,175.0,False,2.0,upsloping,0,False,47.89419795221843,0.36177474402730375,-0.33867125214874505,40
399,48,Female,Hungary,asymptomatic,120.0,254.0,False,st-t abnormality,110.0,False,0.0,Unknown,0,False,47.89419795221843,0.36177474402730375,0.49633750123483755,40
400,48,Female,Hungary,asymptomatic,150.0,227.0,False,normal,130.0,True,1.0,flat,0,False,47.89419795221843,0.36177474402730375,0.24858765132981855,40
401,48,Male,Hungary,atypical angina,100.0,223.0,False,normal,100.0,False,0.0,Unknown,0,False,47.89419795221843,0.36177474402730375,0.21188396986240832,40
402,48,Male,Hungary,atypical angina,130.0,245.0,False,normal,160.0,False,0.0,Unknown,0,False,47.89419795221843,0.36177474402730375,0.4137542179331646,40
403,48,Male,Hungary,atypical angina,140.0,238.0,False,normal,118.0,False,0.0,Unknown,0,False,47.89419795221843,0.36177474402730375,0.34952277536519666,40
404,48,Male,Hungary,non-anginal,110.0,211.0,False,normal,138.0,False,0.0,Unknown,0,False,47.89419795221843,0.36177474402730375,0.10177292546017765,40
405,49,Female,Hungary,atypical angina,110.0,223.0,False,normal,160.0,False,0.0,Unknown,0,False,47.89419795221843,0.36177474402730375,0.21188396986240832,40
406,49,Female,Hungary,atypical angina,110.0,223.0,False,normal,160.0,False,0.0,Unknown,0,False,47.89419795221843,0.36177474402730375,0.21188396986240832,40
407,49,Female,Hungary,atypical angina,124.0,201.0,False,normal,164.0,False,0.0,Unknown,0,False,47.89419795221843,0.36177474402730375,0.010013721791652089,40
408,49,Female,Hungary,non-anginal,130.0,207.0,False,st-t abnormality,135.0,False,0.0,Unknown,0,False,47.89419795221843,0.36177474402730375,0.06506924399276742,40
409,49,Male,Hungary,atypical angina,100.0,253.0,False,normal,174.0,False,0.0,Unknown,0,False,47.89419795221843,0.36177474402730375,0.487161580867985,40
410,49,Male,Hungary,non-anginal,140.0,187.0,False,normal,172.0,False,0.0,Unknown,0,False,47.89419795221843,0.36177474402730375,-0.1184491633442837,40
411,49,Male,Hungary,asymptomatic,120.0,297.0,False,normal,132.0,False,1.0,flat,0,False,47.89419795221843,0.36177474402730375,0.8909020770094975,40
412,49,Male,Hungary,asymptomatic,140.0,223.0,False,normal,130.0,False,0.0,Unknown,0,False,47.89419795221843,0.36177474402730375,0.21188396986240832,40
413,50,Female,Hungary,atypical angina,110.0,202.0,False,normal,145.0,False,0.0,Unknown,0,False,47.89419795221843,0.36177474402730375,0.019189642158504647,50
414,50,Female,Hungary,asymptomatic,120.0,328.0,False,normal,110.0,True,1.0,flat,0,False,47.89419795221843,0.36177474402730375,1.1753556083819268,50
415,50,Male,Hungary,atypical angina,120.0,168.0,False,normal,160.0,False,0.0,Unknown,0,False,47.89419795221843,0.36177474402730375,-0.2927916503144823,50
416,50,Male,Hungary,atypical angina,140.0,216.0,False,normal,170.0,False,0.0,Unknown,0,False,47.89419795221843,0.36177474402730375,0.14765252729444042,50
417,50,Male,Hungary,atypical angina,170.0,209.0,False,st-t abnormality,116.0,False,0.0,Unknown,0,False,47.89419795221843,0.36177474402730375,0.08342108472647254,50
418,50,Male,Hungary,asymptomatic,140.0,129.0,False,normal,135.0,False,0.0,Unknown,0,False,47.89419795221843,0.36177474402730375,-0.6506525446217319,50
419,50,Male,Hungary,asymptomatic,150.0,215.0,False,normal,140.0,True,0.0,Unknown,0,False,47.89419795221843,0.36177474402730375,0.13847660692758787,50
420,51,Female,Hungary,atypical angina,160.0,194.0,False,normal,170.0,False,0.0,Unknown,0,False,47.89419795221843,0.36177474402730375,-0.05421772077631581,50
421,51,Female,Hungary,non-anginal,110.0,190.0,False,normal,120.0,False,0.0,Unknown,0,False,47.89419795221843,0.36177474402730375,-0.09092140224372602,50
422,51,Female,Hungary,non-anginal,130.0,220.0,False,normal,160.0,True,2.0,upsloping,0,False,47.89419795221843,0.36177474402730375,0.18435620876185066,50
423,51,Female,Hungary,non-anginal,150.0,200.0,False,normal,120.0,False,0.5,upsloping,0,False,47.89419795221843,0.36177474402730375,0.0008378014247995337,50
424,51,Male,Hungary,atypical angina,125.0,188.0,False,normal,145.0,False,0.0,Unknown,0,False,47.89419795221843,0.36177474402730375,-0.10927324297743114,50
425,51,Male,Hungary,atypical angina,130.0,224.0,False,normal,150.0,False,0.0,Unknown,0,False,47.89419795221843,0.36177474402730375,0.2210598902292609,50
426,51,Male,Hungary,asymptomatic,130.0,179.0,False,normal,100.0,False,0.0,Unknown,0,False,47.89419795221843,0.36177474402730375,-0.19185652627910416,50
427,52,Female,Hungary,atypical angina,120.0,210.0,False,normal,148.0,False,0.0,Unknown,0,False,47.89419795221843,0.36177474402730375,0.0925970050933251,50
428,52,Female,Hungary,atypical angina,140.0,223.0,False,normal,140.0,False,0.0,Unknown,0,False,47.89419795221843,0.36177474402730375,0.21188396986240832,50
429,52,Female,Hungary,non-anginal,125.0,272.0,False,normal,139.0,False,0.0,Unknown,0,False,47.89419795221843,0.36177474402730375,0.6615040678381836,50
430,52,Female,Hungary,asymptomatic,130.0,180.0,False,normal,140.0,True,1.5,flat,0,False,47.89419795221843,0.36177474402730375,-0.1826806059122516,50
431,52,Male,Hungary,atypical angina,120.0,284.0,False,normal,118.0,False,0.0,Unknown,0,False,47.89419795221843,0.36177474402730375,0.7716151122404142,50
432,52,Male,Hungary,atypical angina,140.0,100.0,False,normal,138.0,True,0.0,Unknown,0,False,47.89419795221843,0.36177474402730375,-0.9167542352604561,50
433,52,Male,Hungary,atypical angina,160.0,196.0,False,normal,165.0,False,0.0,Unknown,0,False,47.89419795221843,0.36177474402730375,-0.03586588004261069,50
434,52,Male,Hungary,non-anginal,140.0,259.0,False,st-t abnormality,170.0,False,0.0,Unknown,0,False,47.89419795221843,0.36177474402730375,0.5422171030691003,50
435,53,Female,Hungary,atypical angina,113.0,468.0,False,normal,127.0,False,0.0,Unknown,0,False,47.89419795221843,0.36177474402730375,2.4599844597412845,50
436,53,Female,Hungary,atypical angina,140.0,216.0,False,normal,142.0,True,2.0,flat,0,False,47.89419795221843,0.36177474402730375,0.14765252729444042,50
437,53,Female,Hungary,non-anginal,120.0,274.0,False,normal,130.0,False,0.0,Unknown,0,False,47.89419795221843,0.36177474402730375,0.6798559085718887,50
438,53,Male,Hungary,atypical angina,120.0,223.0,False,normal,132.0,False,0.0,Unknown,0,False,47.89419795221843,0.36177474402730375,0.21188396986240832,50
439,53,Male,Hungary,atypical angina,140.0,320.0,False,normal,162.0,False,0.0,Unknown,0,False,47.89419795221843,0.36177474402730375,1.1019482454471063,50
440,53,Male,Hungary,non-anginal,120.0,195.0,False,normal,140.0,False,0.0,Unknown,0,False,47.89419795221843,0.36177474402730375,-0.04504180040946325,50
441,53,Male,Hungary,asymptomatic,124.0,260.0,False,st-t abnormality,112.0,True,3.0,flat,0,False,47.89419795221843,0.36177474402730375,0.5513930234359529,50
442,53,Male,Hungary,asymptomatic,130.0,182.0,False,normal,148.0,False,0.0,Unknown,0,False,47.89419795221843,0.36177474402730375,-0.16432876517854647,50
443,53,Male,Hungary,asymptomatic,140.0,243.0,False,normal,155.0,False,0.0,Unknown,0,False,47.89419795221843,0.36177474402730375,0.3954023771994595,50
444,54,Female,Hungary,atypical angina,120.0,221.0,False,normal,138.0,False,1.0,upsloping,0,False,47.89419795221843,0.36177474402730375,0.1935321291287032,50
445,54,Female,Hungary,atypical angina,120.0,230.0,True,normal,140.0,False,0.0,Unknown,0,False,47.89419795221843,0.36177474402730375,0.27611541243037624,50
446,54,Female,Hungary,atypical angina,120.0,273.0,False,normal,150.0,False,1.5,flat,0,False,47.89419795221843,0.36177474402730375,0.6706799882050362,50
447,54,Female,Hungary,atypical angina,130.0,253.0,False,st-t abnormality,155.0,False,0.0,Unknown,0,False,47.89419795221843,0.36177474402730375,0.487161580867985,50
448,54,Female,Hungary,atypical angina,140.0,309.0,False,st-t abnormality,140.0,False,0.0,Unknown,0,False,47.89419795221843,0.36177474402730375,1.0010131214117282,50
449,54,Female,Hungary,atypical angina,150.0,230.0,False,normal,130.0,False,0.0,Unknown,0,False,47.89419795221843,0.36177474402730375,0.27611541243037624,50
450,54,Female,Hungary,atypical angina,160.0,312.0,False,normal,130.0,False,0.0,Unknown,0,False,47.89419795221843,0.36177474402730375,1.028540882512286,50
451,54,Male,Hungary,typical angina,120.0,171.0,False,normal,137.0,False,2.0,upsloping,0,False,47.89419795221843,0.36177474402730375,-0.2652638892139246,50
452,54,Male,Hungary,atypical angina,110.0,208.0,False,normal,142.0,False,0.0,Unknown,0,False,47.89419795221843,0.36177474402730375,0.07424516435961999,50
453,54,Male,Hungary,atypical angina,120.0,238.0,False,normal,154.0,False,0.0,Unknown,0,False,47.89419795221843,0.36177474402730375,0.34952277536519666,50
454,54,Male,Hungary,atypical angina,120.0,246.0,False,normal,110.0,False,0.0,Unknown,0,False,47.89419795221843,0.36177474402730375,0.42293013830001713,50
455,54,Male,Hungary,atypical angina,160.0,195.0,False,st-t abnormality,130.0,False,1.0,upsloping,0,False,47.89419795221843,0.36177474402730375,-0.04504180040946325,50
456,54,Male,Hungary,atypical angina,160.0,305.0,False,normal,175.0,False,0.0,Unknown,0,False,47.89419795221843,0.36177474402730375,0.964309439944318,50
457,54,Male,Hungary,non-anginal,120.0,217.0,False,normal,137.0,False,0.0,Unknown,0,False,47.89419795221843,0.36177474402730375,0.156828447661293,50
458,54,Male,Hungary,non-anginal,150.0,223.0,False,normal,122.0,False,0.0,Unknown,0,False,47.89419795221843,0.36177474402730375,0.21188396986240832,50
459,54,Male,Hungary,asymptomatic,150.0,365.0,False,st-t abnormality,134.0,False,1.0,upsloping,0,False,47.89419795221843,0.36177474402730375,1.5148646619554713,50
460,55,Female,Hungary,atypical angina,110.0,344.0,False,st-t abnormality,160.0,False,0.0,Unknown,0,False,47.89419795221843,0.36177474402730375,1.3221703342515676,50
461,55,Female,Hungary,atypical angina,122.0,320.0,False,normal,155.0,False,0.0,Unknown,0,False,47.89419795221843,0.36177474402730375,1.1019482454471063,50
462,55,Female,Hungary,atypical angina,130.0,394.0,False,lv hypertrophy,150.0,False,0.0,Unknown,0,False,47.89419795221843,0.36177474402730375,1.7809663525941954,50
463,55,Male,Hungary,atypical angina,120.0,256.0,True,normal,137.0,False,0.0,Unknown,0,False,47.89419795221843,0.36177474402730375,0.5146893419685427,50
464,55,Male,Hungary,atypical angina,140.0,196.0,False,normal,150.0,False,0.0,Unknown,0,False,47.89419795221843,0.36177474402730375,-0.03586588004261069,50
465,55,Male,Hungary,atypical angina,145.0,326.0,False,normal,155.0,False,0.0,Unknown,0,False,47.89419795221843,0.36177474402730375,1.1570037676482217,50
466,55,Male,Hungary,non-anginal,110.0,277.0,False,normal,160.0,False,0.0,Unknown,0,False,47.89419795221843,0.36177474402730375,0.7073836696724464,50
467,55,Male,Hungary,non-anginal,120.0,220.0,False,lv hypertrophy,134.0,False,0.0,Unknown,0,False,47.89419795221843,0.36177474402730375,0.18435620876185066,50
468,55,Male,Hungary,asymptomatic,120.0,270.0,False,normal,140.0,False,0.0,Unknown,0,False,47.89419795221843,0.36177474402730375,0.6431522271044785,50
469,55,Male,Hungary,asymptomatic,140.0,229.0,False,normal,110.0,True,0.5,flat,0,False,47.89419795221843,0.36177474402730375,0.2669394920635237,50
470,56,Female,Hungary,non-anginal,130.0,219.0,False,st-t abnormality,164.0,False,0.0,Unknown,0,False,47.89419795221843,0.36177474402730375,0.1751802883949981,50
471,56,Male,Hungary,atypical angina,130.0,184.0,False,normal,100.0,False,0.0,Unknown,0,False,47.89419795221843,0.36177474402730375,-0.14597692444484137,50
472,56,Male,Hungary,non-anginal,130.0,223.0,False,normal,114.0,False,0.0,Unknown,0,False,47.89419795221843,0.36177474402730375,0.21188396986240832,50
473,56,Male,Hungary,non-anginal,130.0,276.0,False,normal,128.0,True,1.0,upsloping,0,False,47.89419795221843,0.36177474402730375,0.6982077493055938,50
474,56,Male,Hungary,asymptomatic,120.0,85.0,False,normal,140.0,False,0.0,Unknown,0,False,47.89419795221843,0.36177474402730375,-1.0543930407632445,50
475,57,Female,Hungary,typical angina,130.0,308.0,False,normal,98.0,False,1.0,flat,0,False,47.89419795221843,0.36177474402730375,0.9918372010448756,50
476,57,Female,Hungary,asymptomatic,180.0,347.0,False,st-t abnormality,126.0,True,0.8,flat,0,False,47.89419795221843,0.36177474402730375,1.3496980953521254,50
477,57,Male,Hungary,atypical angina,140.0,260.0,True,normal,140.0,False,0.0,Unknown,0,False,47.89419795221843,0.36177474402730375,0.5513930234359529,50
478,58,Male,Hungary,atypical angina,130.0,230.0,False,normal,150.0,False,0.0,Unknown,0,False,47.89419795221843,0.36177474402730375,0.27611541243037624,50
479,58,Male,Hungary,atypical angina,130.0,251.0,False,normal,110.0,False,0.0,Unknown,0,False,47.89419795221843,0.36177474402730375,0.4688097401342799,50
480,58,Male,Hungary,non-anginal,140.0,179.0,False,normal,160.0,False,0.0,Unknown,0,False,47.89419795221843,0.36177474402730375,-0.19185652627910416,50
481,58,Male,Hungary,asymptomatic,135.0,222.0,False,normal,100.0,False,0.0,Unknown,0,False,47.89419795221843,0.36177474402730375,0.20270804949555576,50
482,59,Female,Hungary,atypical angina,130.0,188.0,False,normal,124.0,False,1.0,flat,0,False,47.89419795221843,0.36177474402730375,-0.10927324297743114,50
483,59,Male,Hungary,atypical angina,140.0,287.0,False,normal,150.0,False,0.0,Unknown,0,False,47.89419795221843,0.36177474402730375,0.7991428733409719,50
484,59,Male,Hungary,non-anginal,130.0,318.0,False,normal,120.0,True,1.0,flat,0,False,47.89419795221843,0.36177474402730375,1.0835964047134012,50
485,59,Male,Hungary,non-anginal,180.0,213.0,False,normal,100.0,False,0.0,Unknown,0,False,47.89419795221843,0.36177474402730375,0.12012476619388276,50
486,59,Male,Hungary,asymptomatic,140.0,223.0,False,normal,140.0,False,0.0,Unknown,0,False,47.89419795221843,0.36177474402730375,0.21188396986240832,50
487,60,Male,Hungary,non-anginal,120.0,246.0,False,lv hypertrophy,135.0,False,0.0,Unknown,0,False,47.89419795221843,0.36177474402730375,0.42293013830001713,60
488,61,Female,Hungary,asymptomatic,130.0,294.0,False,st-t abnormality,120.0,True,1.0,flat,0,False,47.89419795221843,0.36177474402730375,0.8633743159089399,60
489,61,Male,Hungary,asymptomatic,125.0,292.0,False,st-t abnormality,115.0,True,0.0,Unknown,0,False,47.89419795221843,0.36177474402730375,0.8450224751752348,60
490,62,Female,Hungary,typical angina,160.0,193.0,False,normal,116.0,False,0.0,Unknown,0,False,47.89419795221843,0.36177474402730375,-0.06339364114316837,60
491,62,Male,Hungary,atypical angina,140.0,271.0,False,normal,152.0,False,1.0,upsloping,0,False,47.89419795221843,0.36177474402730375,0.652328147471331,60
492,31,Male,Hungary,asymptomatic,120.0,270.0,False,normal,153.0,True,1.5,flat,1,True,47.89419795221843,0.36177474402730375,0.6431522271044785,30
493,33,Female,Hungary,asymptomatic,100.0,246.0,False,normal,150.0,True,1.0,flat,1,True,47.89419795221843,0.36177474402730375,0.42293013830001713,30
494,34,Male,Hungary,typical angina,140.0,156.0,False,normal,180.0,False,0.0,Unknown,1,True,47.89419795221843,0.36177474402730375,-0.4029026947167129,30
495,35,Male,Hungary,atypical angina,110.0,257.0,False,normal,140.0,False,0.0,Unknown,1,True,47.89419795221843,0.36177474402730375,0.5238652623353952,30
496,36,Male,Hungary,atypical angina,120.0,267.0,False,normal,160.0,False,3.0,flat,1,True,47.89419795221843,0.36177474402730375,0.6156244660039208,30
497,37,Male,Hungary,asymptomatic,140.0,207.0,False,normal,130.0,True,1.5,flat,1,True,47.89419795221843,0.36177474402730375,0.06506924399276742,30
498,38,Male,Hungary,asymptomatic,110.0,196.0,False,normal,166.0,False,0.0,Unknown,1,True,47.89419795221843,0.36177474402730375,-0.03586588004261069,30
499,38,Male,Hungary,asymptomatic,120.0,282.0,False,normal,170.0,False,0.0,Unknown,1,True,47.89419795221843,0.36177474402730375,0.7532632715067091,30
500,38,Male,Hungary,asymptomatic,92.0,117.0,False,normal,134.0,True,2.5,flat,1,True,47.89419795221843,0.36177474402730375,-0.7607635890239627,30
501,40,Male,Hungary,asymptomatic,120.0,466.0,False,normal,152.0,True,1.0,flat,1,True,47.89419795221843,0.36177474402730375,2.441632619007579,40
502,41,Male,Hungary,asymptomatic,110.0,289.0,False,normal,170.0,False,0.0,Unknown,1,True,47.89419795221843,0.36177474402730375,0.817494714074677,40
503,41,Male,Hungary,asymptomatic,120.0,237.0,False,normal,138.0,True,1.0,flat,1,True,47.89419795221843,0.36177474402730375,0.3403468549983441,40
504,43,Male,Hungary,asymptomatic,150.0,247.0,False,normal,130.0,True,2.0,flat,1,True,47.89419795221843,0.36177474402730375,0.4321060586668697,40
505,46,Male,Hungary,asymptomatic,110.0,202.0,False,normal,150.0,True,0.0,Unknown,1,True,47.89419795221843,0.36177474402730375,0.019189642158504647,40
506,46,Male,Hungary,asymptomatic,118.0,186.0,False,normal,124.0,False,0.0,Unknown,1,True,47.89419795221843,0.36177474402730375,-0.12762508371113626,40
507,46,Male,Hungary,asymptomatic,120.0,277.0,False,normal,125.0,True,1.0,flat,1,True,47.89419795221843,0.36177474402730375,0.7073836696724464,40
508,47,Male,Hungary,non-anginal,140.0,193.0,False,normal,145.0,True,1.0,flat,1,True,47.89419795221843,0.36177474402730375,-0.06339364114316837,40
509,47,Male,Hungary,asymptomatic,150.0,226.0,False,normal,98.0,True,1.5,flat,1,True,47.89419795221843,0.36177474402730375,0.239411730962966,40
510,48,Male,Hungary,asymptomatic,106.0,263.0,True,normal,110.0,False,0.0,Unknown,1,True,47.89419795221843,0.36177474402730375,0.5789207845365105,40
511,48,Male,Hungary,asymptomatic,120.0,260.0,False,normal,115.0,False,2.0,flat,1,True,47.89419795221843,0.36177474402730375,0.5513930234359529,40
512,48,Male,Hungary,asymptomatic,160.0,268.0,False,normal,103.0,True,1.0,flat,1,True,47.89419795221843,0.36177474402730375,0.6248003863707734,40
513,49,Female,Hungary,non-anginal,160.0,180.0,False,normal,156.0,False,1.0,flat,1,True,47.89419795221843,0.36177474402730375,-0.1826806059122516,40
514,49,Male,Hungary,non-anginal,115.0,265.0,False,normal,175.0,False,0.0,Unknown,1,True,47.89419795221843,0.36177474402730375,0.5972726252702157,40
515,49,Male,Hungary,asymptomatic,130.0,206.0,False,normal,170.0,False,0.0,Unknown,1,True,47.89419795221843,0.36177474402730375,0.05589332362591487,40
516,50,Female,Hungary,non-anginal,140.0,288.0,False,normal,140.0,True,0.0,Unknown,1,True,47.89419795221843,0.36177474402730375,0.8083187937078244,50
517,50,Male,Hungary,asymptomatic,145.0,264.0,False,normal,150.0,False,0.0,Unknown,1,True,47.89419795221843,0.36177474402730375,0.5880967049033632,50
518,51,Female,Hungary,asymptomatic,160.0,303.0,False,normal,150.0,True,1.0,flat,1,True,47.89419795221843,0.36177474402730375,0.9459575992106128,50
519,52,Male,Hungary,asymptomatic,130.0,225.0,False,normal,120.0,True,2.0,flat,1,True,47.89419795221843,0.36177474402730375,0.23023581059611345,50
520,54,Male,Hungary,asymptomatic,125.0,216.0,False,normal,140.0,False,0.0,Unknown,1,True,47.89419795221843,0.36177474402730375,0.14765252729444042,50
521,54,Male,Hungary,asymptomatic,125.0,224.0,False,normal,122.0,False,2.0,flat,1,True,47.89419795221843,0.36177474402730375,0.2210598902292609,50
522,55,Male,Hungary,asymptomatic,140.0,201.0,False,normal,130.0,True,3.0,flat,1,True,47.89419795221843,0.36177474402730375,0.010013721791652089,50
523,57,Male,Hungary,atypical angina,140.0,265.0,False,st-t abnormality,145.0,True,1.0,flat,1,True,47.89419795221843,0.36177474402730375,0.5972726252702157,50
524,58,Male,Hungary,non-anginal,130.0,213.0,False,st-t abnormality,140.0,False,0.0,Unknown,1,True,47.89419795221843,0.36177474402730375,0.12012476619388276,50
525,59,Female,Hungary,asymptomatic,130.0,338.0,True,st-t abnormality,130.0,True,1.5,flat,1,True,47.89419795221843,0.36177474402730375,1.2671148120504523,50
526,60,Male,Hungary,asymptomatic,100.0,248.0,False,normal,125.0,False,1.0,flat,1,True,47.89419795221843,0.36177474402730375,0.44128197903372224,60
527,63,Male,Hungary,asymptomatic,150.0,223.0,False,normal,115.0,False,0.0,Unknown,1,True,47.89419795221843,0.36177474402730375,0.21188396986240832,60
528,65,Male,Hungary,asymptomatic,140.0,306.0,True,normal,87.0,True,1.5,flat,1,True,47.89419795221843,0.36177474402730375,0.9734853603111705,60
529,32,Male,Hungary,asymptomatic,118.0,529.0,False,normal,130.0,False,0.0,Unknown,1,True,47.89419795221843,0.36177474402730375,3.01971560211929,30
530,38,Male,Hungary,asymptomatic,110.0,223.0,False,normal,150.0,True,1.0,flat,1,True,47.89419795221843,0.36177474402730375,0.21188396986240832,30
531,39,Male,Hungary,asymptomatic,110.0,280.0,False,normal,150.0,False,0.0,Unknown,1,True,47.89419795221843,0.36177474402730375,0.734911430773004,30
532,40,Female,Hungary,asymptomatic,150.0,392.0,False,normal,130.0,False,2.0,flat,1,True,47.89419795221843,0.36177474402730375,1.7626145118604903,40
533,43,Male,Hungary,typical angina,120.0,291.0,False,st-t abnormality,155.0,False,0.0,Unknown,1,True,47.89419795221843,0.36177474402730375,0.8358465548083821,40
534,45,Male,Hungary,asymptomatic,130.0,219.0,False,st-t abnormality,130.0,True,1.0,flat,1,True,47.89419795221843,0.36177474402730375,0.1751802883949981,40
535,46,Male,Hungary,asymptomatic,120.0,231.0,False,normal,115.0,True,0.0,Unknown,1,True,47.89419795221843,0.36177474402730375,0.2852913327972288,40
536,46,Male,Hungary,asymptomatic,130.0,222.0,False,normal,112.0,False,0.0,Unknown,1,True,47.89419795221843,0.36177474402730375,0.20270804949555576,40
537,48,Male,Hungary,asymptomatic,122.0,275.0,True,st-t abnormality,150.0,True,2.0,downsloping,1,True,47.89419795221843,0.36177474402730375,0.6890318289387413,40
538,48,Male,Hungary,asymptomatic,160.0,193.0,False,normal,102.0,True,3.0,flat,1,True,47.89419795221843,0.36177474402730375,-0.06339364114316837,40
539,48,Male,Hungary,asymptomatic,160.0,329.0,False,normal,92.0,True,1.5,flat,1,True,47.89419795221843,0.36177474402730375,1.1845315287487792,40
540,48,Male,Hungary,asymptomatic,160.0,355.0,False,normal,99.0,True,2.0,flat,1,True,47.89419795221843,0.36177474402730375,1.4231054582869458,40
541,50,Male,Hungary,asymptomatic,130.0,233.0,False,normal,121.0,True,2.0,flat,1,True,47.89419795221843,0.36177474402730375,0.3036431735309339,50
542,52,Male,Hungary,asymptomatic,120.0,182.0,False,normal,150.0,False,0.0,Unknown,1,True,47.89419795221843,0.36177474402730375,-0.16432876517854647,50
543,52,Male,Hungary,asymptomatic,170.0,223.0,False,normal,126.0,True,1.5,flat,1,True,47.89419795221843,0.36177474402730375,0.21188396986240832,50
544,53,Male,Hungary,asymptomatic,120.0,246.0,False,normal,116.0,True,0.0,Unknown,1,True,47.89419795221843,0.36177474402730375,0.42293013830001713,50
545,54,Male,Hungary,non-anginal,120.0,237.0,False,normal,150.0,True,1.5,Unknown,1,True,47.89419795221843,0.36177474402730375,0.3403468549983441,50
546,54,Male,Hungary,asymptomatic,130.0,242.0,False,normal,91.0,True,1.0,flat,1,True,47.89419795221843,0.36177474402730375,0.3862264568326069,50
547,54,Male,Hungary,asymptomatic,130.0,603.0,True,normal,125.0,True,1.0,flat,1,True,47.89419795221843,0.36177474402730375,3.6987337092663792,50
548,54,Male,Hungary,asymptomatic,140.0,223.0,False,normal,118.0,True,0.0,Unknown,1,True,47.89419795221843,0.36177474402730375,0.21188396986240832,50
549,54,Male,Hungary,asymptomatic,200.0,198.0,False,normal,142.0,True,2.0,flat,1,True,47.89419795221843,0.36177474402730375,-0.01751403930890558,50
550,55,Male,Hungary,asymptomatic,140.0,268.0,False,normal,128.0,True,1.5,flat,1,True,47.89419795221843,0.36177474402730375,0.6248003863707734,50
551,56,Male,Hungary,asymptomatic,150.0,213.0,True,normal,125.0,True,1.0,flat,1,True,47.89419795221843,0.36177474402730375,0.12012476619388276,50
552,57,Male,Hungary,asymptomatic,150.0,255.0,False,normal,92.0,True,3.0,flat,1,True,47.89419795221843,0.36177474402730375,0.5055134216016901,50
553,58,Male,Hungary,non-anginal,160.0,211.0,True,st-t abnormality,92.0,False,0.0,Unknown,1,True,47.89419795221843,0.36177474402730375,0.10177292546017765,50
554,58,Male,Hungary,asymptomatic,130.0,263.0,False,normal,140.0,True,2.0,flat,1,True,47.89419795221843,0.36177474402730375,0.5789207845365105,50
555,41,Male,Hungary,asymptomatic,130.0,172.0,False,st-t abnormality,130.0,False,2.0,flat,1,True,47.89419795221843,0.36177474402730375,-0.256087968847072,40
556,43,Male,Hungary,asymptomatic,120.0,175.0,False,normal,120.0,True,1.0,flat,1,True,47.89419795221843,0.36177474402730375,-0.22856020774651437,40
557,44,Male,Hungary,atypical angina,150.0,288.0,False,normal,150.0,True,3.0,flat,1,True,47.89419795221843,0.36177474402730375,0.8083187937078244,40
558,44,Male,Hungary,asymptomatic,130.0,290.0,False,normal,100.0,True,2.0,flat,1,True,47.89419795221843,0.36177474402730375,0.8266706344415296,40
559,46,Male,Hungary,typical angina,140.0,272.0,True,normal,175.0,False,2.0,flat,1,True,47.89419795221843,0.36177474402730375,0.6615040678381836,40
560,47,Female,Hungary,non-anginal,135.0,248.0,True,normal,170.0,False,0.0,Unknown,1,True,47.89419795221843,0.36177474402730375,0.44128197903372224,40
561,48,Female,Hungary,asymptomatic,138.0,214.0,False,normal,108.0,True,1.5,flat,1,True,47.89419795221843,0.36177474402730375,0.12930068656073532,40
562,49,Male,Hungary,asymptomatic,130.0,341.0,False,normal,120.0,True,1.0,flat,1,True,47.89419795221843,0.36177474402730375,1.29464257315101,40
563,49,Male,Hungary,asymptomatic,140.0,234.0,False,normal,140.0,True,1.0,flat,1,True,47.89419795221843,0.36177474402730375,0.31281909389778645,40
564,51,Male,Hungary,non-anginal,135.0,160.0,False,normal,150.0,False,2.0,flat,1,True,47.89419795221843,0.36177474402730375,-0.3661990132493027,50
565,52,Male,Hungary,asymptomatic,112.0,342.0,False,st-t abnormality,96.0,True,1.0,flat,1,True,47.89419795221843,0.36177474402730375,1.3038184935178625,50
566,52,Male,Hungary,asymptomatic,130.0,298.0,False,normal,110.0,True,1.0,flat,1,True,47.89419795221843,0.36177474402730375,0.9000779973763501,50
567,52,Male,Hungary,asymptomatic,140.0,404.0,False,normal,124.0,True,2.0,flat,1,True,47.89419795221843,0.36177474402730375,1.872725556262721,50
568,52,Male,Hungary,asymptomatic,160.0,246.0,False,st-t abnormality,82.0,True,4.0,flat,1,True,47.89419795221843,0.36177474402730375,0.42293013830001713,50
569,53,Male,Hungary,non-anginal,145.0,518.0,False,normal,130.0,False,0.0,Unknown,1,True,47.89419795221843,0.36177474402730375,2.9187804780839124,50
570,53,Male,Hungary,asymptomatic,180.0,285.0,False,st-t abnormality,120.0,True,1.5,flat,1,True,47.89419795221843,0.36177474402730375,0.7807910326072668,50
571,54,Male,Hungary,asymptomatic,140.0,216.0,False,normal,105.0,False,1.5,flat,1,True,47.89419795221843,0.36177474402730375,0.14765252729444042,50
572,55,Male,Hungary,typical angina,140.0,295.0,False,normal,136.0,False,0.0,Unknown,1,True,47.89419795221843,0.36177474402730375,0.8725502362757924,50
573,55,Male,Hungary,atypical angina,160.0,292.0,True,normal,143.0,True,2.0,flat,1,True,47.89419795221843,0.36177474402730375,0.8450224751752348,50
574,55,Male,Hungary,asymptomatic,145.0,248.0,False,normal,96.0,True,2.0,flat,1,True,47.89419795221843,0.36177474402730375,0.44128197903372224,50
575,56,Female,Hungary,atypical angina,120.0,279.0,False,normal,150.0,False,1.0,flat,1,True,47.89419795221843,0.36177474402730375,0.7257355104061515,50
576,56,Male,Hungary,asymptomatic,150.0,230.0,False,st-t abnormality,124.0,True,1.5,flat,1,True,47.89419795221843,0.36177474402730375,0.27611541243037624,50
577,56,Male,Hungary,asymptomatic,170.0,388.0,False,st-t abnormality,122.0,True,2.0,flat,1,True,47.89419795221843,0.36177474402730375,1.7259108303930801,50
578,58,Male,Hungary,atypical angina,136.0,164.0,False,st-t abnormality,99.0,True,2.0,flat,1,True,47.89419795221843,0.36177474402730375,-0.3294953317818925,50
579,59,Male,Hungary,asymptomatic,130.0,223.0,False,normal,125.0,False,0.0,Unknown,1,True,47.89419795221843,0.36177474402730375,0.21188396986240832,50
580,59,Male,Hungary,asymptomatic,140.0,264.0,True,lv hypertrophy,119.0,True,0.0,Unknown,1,True,47.89419795221843,0.36177474402730375,0.5880967049033632,50
581,65,Male,Hungary,asymptomatic,170.0,263.0,True,normal,112.0,True,2.0,flat,1,True,47.89419795221843,0.36177474402730375,0.5789207845365105,60
582,66,Male,Hungary,asymptomatic,140.0,223.0,False,normal,94.0,True,1.0,flat,1,True,47.89419795221843,0.36177474402730375,0.21188396986240832,60
583,41,Male,Hungary,asymptomatic,120.0,336.0,False,normal,118.0,True,3.0,flat,1,True,47.89419795221843,0.36177474402730375,1.2487629713167472,40
584,43,Male,Hungary,asymptomatic,140.0,288.0,False,normal,135.0,True,2.0,flat,1,True,47.89419795221843,0.36177474402730375,0.8083187937078244,40
585,44,Male,Hungary,asymptomatic,135.0,491.0,False,normal,135.0,False,0.0,Unknown,1,True,47.89419795221843,0.36177474402730375,2.6710306281788934,40
586,47,Female,Hungary,asymptomatic,120.0,205.0,False,normal,98.0,True,2.0,flat,1,True,47.89419795221843,0.36177474402730375,0.04671740325906232,40
587,47,Male,Hungary,asymptomatic,160.0,291.0,False,st-t abnormality,158.0,True,3.0,flat,1,True,47.89419795221843,0.36177474402730375,0.8358465548083821,40
588,49,Male,Hungary,asymptomatic,128.0,212.0,False,normal,96.0,True,0.0,Unknown,1,True,47.89419795221843,0.36177474402730375,0.11094884582703021,40
589,49,Male,Hungary,asymptomatic,150.0,222.0,False,normal,122.0,False,2.0,flat,1,True,47.89419795221843,0.36177474402730375,0.20270804949555576,40
590,50,Male,Hungary,asymptomatic,140.0,231.0,False,st-t abnormality,140.0,True,5.0,flat,1,True,47.89419795221843,0.36177474402730375,0.2852913327972288,50
591,50,Male,Hungary,asymptomatic,140.0,341.0,False,st-t abnormality,125.0,True,2.5,flat,1,True,47.89419795221843,0.36177474402730375,1.29464257315101,50
592,52,Male,Hungary,asymptomatic,140.0,266.0,False,normal,134.0,True,2.0,flat,1,True,47.89419795221843,0.36177474402730375,0.6064485456370683,50
593,52,Male,Hungary,asymptomatic,160.0,331.0,False,normal,94.0,True,2.5,Unknown,1,True,47.89419795221843,0.36177474402730375,1.2028833694824843,50
594,54,Female,Hungary,non-anginal,130.0,294.0,False,st-t abnormality,100.0,True,0.0,flat,1,True,47.89419795221843,0.36177474402730375,0.8633743159089399,50
595,56,Male,Hungary,asymptomatic,155.0,342.0,True,normal,150.0,True,3.0,flat,1,True,47.89419795221843,0.36177474402730375,1.3038184935178625,50
596,58,Female,Hungary,atypical angina,180.0,393.0,False,normal,110.0,True,1.0,flat,1,True,47.89419795221843,0.36177474402730375,1.771790432227343,50
597,65,Male,Hungary,asymptomatic,130.0,275.0,False,st-t abnormality,115.0,True,1.0,flat,1,True,47.89419795221843,0.36177474402730375,0.6890318289387413,60
598,32,Male,Switzerland,typical angina,95.0,0.0,False,normal,127.0,False,0.7,upsloping,1,True,55.31707317073171,0.9349593495934959,-1.8343462719457118,30
599,34,Male,Switzerland,asymptomatic,115.0,0.0,False,normal,154.0,False,0.2,upsloping,1,True,55.31707317073171,0.9349593495934959,-1.8343462719457118,30
600,35,Male,Switzerland,asymptomatic,130.0,0.0,False,normal,130.0,True,0.5,Unknown,3,True,55.31707317073171,0.9349593495934959,-1.8343462719457118,30
601,36,Male,Switzerland,asymptomatic,110.0,0.0,False,normal,125.0,True,1.0,flat,1,True,55.31707317073171,0.9349593495934959,-1.8343462719457118,30
602,38,Female,Switzerland,asymptomatic,105.0,0.0,False,normal,166.0,False,2.8,upsloping,2,True,55.31707317073171,0.9349593495934959,-1.8343462719457118,30
603,38,Female,Switzerland,asymptomatic,110.0,0.0,False,normal,156.0,False,0.0,flat,1,True,55.31707317073171,0.9349593495934959,-1.8343462719457118,30
604,38,Male,Switzerland,non-anginal,100.0,0.0,False,normal,179.0,False,-1.1,upsloping,0,False,55.31707317073171,0.9349593495934959,-1.8343462719457118,30
605,38,Male,Switzerland,non-anginal,115.0,0.0,False,normal,128.0,True,0.0,flat,1,True,55.31707317073171,0.9349593495934959,-1.8343462719457118,30
606,38,Male,Switzerland,asymptomatic,135.0,0.0,False,normal,150.0,False,0.0,Unknown,2,True,55.31707317073171,0.9349593495934959,-1.8343462719457118,30
607,38,Male,Switzerland,asymptomatic,150.0,0.0,False,normal,120.0,True,0.5,Unknown,1,True,55.31707317073171,0.9349593495934959,-1.8343462719457118,30
608,40,Male,Switzerland,asymptomatic,95.0,0.0,False,st-t abnormality,144.0,False,0.0,upsloping,2,True,55.31707317073171,0.9349593495934959,-1.8343462719457118,40
609,41,Male,Switzerland,asymptomatic,125.0,0.0,False,normal,176.0,False,1.6,upsloping,2,True,55.31707317073171,0.9349593495934959,-1.8343462719457118,40
610,42,Male,Switzerland,asymptomatic,105.0,0.0,False,normal,128.0,True,-1.5,downsloping,1,True,55.31707317073171,0.9349593495934959,-1.8343462719457118,40
611,42,Male,Switzerland,asymptomatic,145.0,0.0,False,normal,99.0,True,0.0,flat,2,True,55.31707317073171,0.9349593495934959,-1.8343462719457118,40
612,43,Male,Switzerland,asymptomatic,100.0,0.0,False,normal,122.0,False,1.5,downsloping,3,True,55.31707317073171,0.9349593495934959,-1.8343462719457118,40
613,43,Male,Switzerland,asymptomatic,115.0,0.0,False,normal,145.0,True,2.0,flat,4,True,55.31707317073171,0.9349593495934959,-1.8343462719457118,40
614,43,Male,Switzerland,asymptomatic,140.0,0.0,False,st-t abnormality,140.0,True,0.5,upsloping,2,True,55.31707317073171,0.9349593495934959,-1.8343462719457118,40
615,45,Male,Switzerland,non-anginal,110.0,0.0,False,normal,138.0,False,-0.1,upsloping,0,False,55.31707317073171,0.9349593495934959,-1.8343462719457118,40
616,46,Male,Switzerland,asymptomatic,100.0,0.0,False,st-t abnormality,133.0,False,-2.6,flat,1,True,55.31707317073171,0.9349593495934959,-1.8343462719457118,40
617,46,Male,Switzerland,asymptomatic,115.0,0.0,False,normal,113.0,True,1.5,flat,1,True,55.31707317073171,0.9349593495934959,-1.8343462719457118,40
618,47,Male,Switzerland,non-anginal,110.0,0.0,False,normal,120.0,True,0.0,Unknown,1,True,55.31707317073171,0.9349593495934959,-1.8343462719457118,40
619,47,Male,Switzerland,non-anginal,155.0,0.0,False,normal,118.0,True,1.0,flat,3,True,55.31707317073171,0.9349593495934959,-1.8343462719457118,40
620,47,Male,Switzerland,asymptomatic,110.0,0.0,False,st-t abnormality,149.0,False,2.1,upsloping,2,True,55.31707317073171,0.9349593495934959,-1.8343462719457118,40
621,47,Male,Switzerland,asymptomatic,160.0,0.0,False,normal,124.0,True,0.0,flat,1,True,55.31707317073171,0.9349593495934959,-1.8343462719457118,40
622,48,Male,Switzerland,asymptomatic,115.0,0.0,False,normal,128.0,False,0.0,flat,2,True,55.31707317073171,0.9349593495934959,-1.8343462719457118,40
623,50,Female,Switzerland,asymptomatic,160.0,0.0,False,normal,110.0,False,0.0,Unknown,1,True,55.31707317073171,0.9349593495934959,-1.8343462719457118,50
624,50,Male,Switzerland,asymptomatic,115.0,0.0,False,normal,120.0,True,0.5,flat,3,True,55.31707317073171,0.9349593495934959,-1.8343462719457118,50
625,50,Male,Switzerland,asymptomatic,120.0,0.0,False,st-t abnormality,156.0,True,0.0,upsloping,3,True,55.31707317073171,0.9349593495934959,-1.8343462719457118,50
626,50,Male,Switzerland,asymptomatic,145.0,0.0,False,normal,139.0,True,0.7,flat,1,True,55.31707317073171,0.9349593495934959,-1.8343462719457118,50
627,51,Female,Switzerland,asymptomatic,120.0,0.0,False,normal,127.0,True,1.5,upsloping,2,True,55.31707317073171,0.9349593495934959,-1.8343462719457118,50
628,51,Male,Switzerland,asymptomatic,110.0,0.0,False,normal,92.0,False,0.0,flat,4,True,55.31707317073171,0.9349593495934959,-1.8343462719457118,50
629,51,Male,Switzerland,asymptomatic,120.0,0.0,True,normal,104.0,False,0.0,flat,3,True,55.31707317073171,0.9349593495934959,-1.8343462719457118,50
630,51,Male,Switzerland,asymptomatic,130.0,0.0,False,normal,170.0,False,-0.7,upsloping,2,True,55.31707317073171,0.9349593495934959,-1.8343462719457118,50
631,51,Male,Switzerland,asymptomatic,130.0,0.0,False,st-t abnormality,163.0,False,0.0,Unknown,1,True,55.31707317073171,0.9349593495934959,-1.8343462719457118,50
632,51,Male,Switzerland,asymptomatic,140.0,0.0,False,normal,60.0,False,0.0,flat,2,True,55.31707317073171,0.9349593495934959,-1.8343462719457118,50
633,51,Male,Switzerland,asymptomatic,95.0,0.0,False,normal,126.0,False,2.2,flat,2,True,55.31707317073171,0.9349593495934959,-1.8343462719457118,50
634,52,Male,Switzerland,asymptomatic,130.0,0.0,False,normal,120.0,False,0.0,flat,2,True,55.31707317073171,0.9349593495934959,-1.8343462719457118,50
635,52,Male,Switzerland,asymptomatic,135.0,0.0,False,normal,128.0,True,2.0,flat,2,True,55.31707317073171,0.9349593495934959,-1.8343462719457118,50
636,52,Male,Switzerland,asymptomatic,165.0,0.0,False,normal,122.0,True,1.0,upsloping,2,True,55.31707317073171,0.9349593495934959,-1.8343462719457118,50
637,52,Male,Switzerland,asymptomatic,95.0,0.0,False,normal,82.0,True,0.5,Unknown,2,True,55.31707317073171,0.9349593495934959,-1.8343462719457118,50
638,53,Male,Switzerland,atypical angina,120.0,0.0,False,normal,95.0,False,0.0,flat,3,True,55.31707317073171,0.9349593495934959,-1.8343462719457118,50
639,53,Male,Switzerland,atypical angina,130.0,0.0,False,st-t abnormality,120.0,False,0.7,downsloping,0,False,55.31707317073171,0.9349593495934959,-1.8343462719457118,50
640,53,Male,Switzerland,non-anginal,105.0,0.0,False,normal,115.0,False,0.0,flat,1,True,55.31707317073171,0.9349593495934959,-1.8343462719457118,50
641,53,Male,Switzerland,non-anginal,160.0,0.0,False,lv hypertrophy,122.0,True,0.0,Unknown,1,True,55.31707317073171,0.9349593495934959,-1.8343462719457118,50
642,53,Male,Switzerland,asymptomatic,120.0,0.0,False,normal,120.0,False,0.0,flat,1,True,55.31707317073171,0.9349593495934959,-1.8343462719457118,50
643,53,Male,Switzerland,asymptomatic,125.0,0.0,False,normal,120.0,False,1.5,upsloping,4,True,55.31707317073171,0.9349593495934959,-1.8343462719457118,50
644,53,Male,Switzerland,asymptomatic,130.0,0.0,False,lv hypertrophy,135.0,True,1.0,flat,2,True,55.31707317073171,0.9349593495934959,-1.8343462719457118,50
645,53,Male,Switzerland,asymptomatic,80.0,0.0,False,normal,141.0,True,2.0,downsloping,0,False,55.31707317073171,0.9349593495934959,-1.8343462719457118,50
646,54,Male,Switzerland,asymptomatic,120.0,0.0,False,normal,155.0,False,0.0,flat,2,True,55.31707317073171,0.9349593495934959,-1.8343462719457118,50
647,54,Male,Switzerland,asymptomatic,130.0,0.0,False,normal,110.0,True,3.0,flat,3,True,55.31707317073171,0.9349593495934959,-1.8343462719457118,50
648,54,Male,Switzerland,asymptomatic,180.0,0.0,False,normal,150.0,False,1.5,flat,1,True,55.31707317073171,0.9349593495934959,-1.8343462719457118,50
649,55,Male,Switzerland,atypical angina,140.0,0.0,False,st-t abnormality,150.0,False,0.2,upsloping,0,False,55.31707317073171,0.9349593495934959,-1.8343462719457118,50
650,55,Male,Switzerland,asymptomatic,115.0,0.0,False,normal,155.0,False,0.1,flat,1,True,55.31707317073171,0.9349593495934959,-1.8343462719457118,50
651,55,Male,Switzerland,asymptomatic,120.0,0.0,False,st-t abnormality,92.0,False,0.3,upsloping,4,True,55.31707317073171,0.9349593495934959,-1.8343462719457118,50
652,55,Male,Switzerland,asymptomatic,140.0,0.0,False,normal,83.0,False,0.0,flat,2,True,55.31707317073171,0.9349593495934959,-1.8343462719457118,50
653,56,Male,Switzerland,non-anginal,120.0,0.0,False,normal,97.0,False,0.0,flat,0,False,55.31707317073171,0.9349593495934959,-1.8343462719457118,50
654,56,Male,Switzerland,non-anginal,125.0,0.0,False,normal,98.0,False,-2.0,flat,2,True,55.31707317073171,0.9349593495934959,-1.8343462719457118,50
655,56,Male,Switzerland,non-anginal,155.0,0.0,False,st-t abnormality,99.0,False,0.0,flat,2,True,55.31707317073171,0.9349593495934959,-1.8343462719457118,50
656,56,Male,Switzerland,asymptomatic,115.0,0.0,False,st-t abnormality,82.0,False,-1.0,upsloping,1,True,55.31707317073171,0.9349593495934959,-1.8343462719457118,50
657,56,Male,Switzerland,asymptomatic,120.0,0.0,False,st-t abnormality,100.0,True,-1.0,downsloping,2,True,55.31707317073171,0.9349593495934959,-1.8343462719457118,50
658,56,Male,Switzerland,asymptomatic,120.0,0.0,False,st-t abnormality,148.0,False,0.0,flat,2,True,55.31707317073171,0.9349593495934959,-1.8343462719457118,50
659,56,Male,Switzerland,asymptomatic,125.0,0.0,True,normal,103.0,True,1.0,flat,3,True,55.31707317073171,0.9349593495934959,-1.8343462719457118,50
660,56,Male,Switzerland,asymptomatic,140.0,0.0,False,normal,121.0,True,1.8,upsloping,1,True,55.31707317073171,0.9349593495934959,-1.8343462719457118,50
661,57,Male,Switzerland,non-anginal,105.0,0.0,False,normal,148.0,False,0.3,flat,1,True,55.31707317073171,0.9349593495934959,-1.8343462719457118,50
662,57,Male,Switzerland,asymptomatic,110.0,0.0,False,st-t abnormality,131.0,True,1.4,upsloping,3,True,55.31707317073171,0.9349593495934959,-1.8343462719457118,50
663,57,Male,Switzerland,asymptomatic,140.0,0.0,False,normal,120.0,True,2.0,flat,2,True,55.31707317073171,0.9349593495934959,-1.8343462719457118,50
664,57,Male,Switzerland,asymptomatic,140.0,0.0,False,normal,100.0,True,0.0,Unknown,3,True,55.31707317073171,0.9349593495934959,-1.8343462719457118,50
665,57,Male,Switzerland,asymptomatic,160.0,0.0,False,normal,98.0,True,2.0,flat,2,True,55.31707317073171,0.9349593495934959,-1.8343462719457118,50
666,57,Male,Switzerland,asymptomatic,95.0,0.0,False,normal,182.0,False,0.7,downsloping,1,True,55.31707317073171,0.9349593495934959,-1.8343462719457118,50
667,58,Male,Switzerland,asymptomatic,115.0,0.0,False,normal,138.0,False,0.5,upsloping,1,True,55.31707317073171,0.9349593495934959,-1.8343462719457118,50
668,58,Male,Switzerland,asymptomatic,130.0,0.0,False,st-t abnormality,100.0,True,1.0,flat,4,True,55.31707317073171,0.9349593495934959,-1.8343462719457118,50
669,58,Male,Switzerland,asymptomatic,170.0,0.0,False,st-t abnormality,105.0,True,0.0,Unknown,1,True,55.31707317073171,0.9349593495934959,-1.8343462719457118,50
670,59,Male,Switzerland,non-anginal,125.0,0.0,False,normal,175.0,False,2.6,flat,1,True,55.31707317073171,0.9349593495934959,-1.8343462719457118,50
671,59,Male,Switzerland,asymptomatic,110.0,0.0,False,normal,94.0,False,0.0,Unknown,3,True,55.31707317073171,0.9349593495934959,-1.8343462719457118,50
672,59,Male,Switzerland,asymptomatic,120.0,0.0,False,normal,115.0,False,0.0,flat,2,True,55.31707317073171,0.9349593495934959,-1.8343462719457118,50
673,59,Male,Switzerland,asymptomatic,125.0,0.0,False,normal,119.0,True,0.9,upsloping,1,True,55.31707317073171,0.9349593495934959,-1.8343462719457118,50
674,59,Male,Switzerland,asymptomatic,135.0,0.0,False,normal,115.0,True,1.0,flat,1,True,55.31707317073171,0.9349593495934959,-1.8343462719457118,50
675,60,Male,Switzerland,non-anginal,115.0,0.0,False,normal,143.0,False,2.4,upsloping,1,True,55.31707317073171,0.9349593495934959,-1.8343462719457118,60
676,60,Male,Switzerland,asymptomatic,125.0,0.0,False,normal,110.0,False,0.1,upsloping,3,True,55.31707317073171,0.9349593495934959,-1.8343462719457118,60
677,60,Male,Switzerland,asymptomatic,130.0,0.0,False,st-t abnormality,130.0,True,1.1,downsloping,1,True,55.31707317073171,0.9349593495934959,-1.8343462719457118,60
678,60,Male,Switzerland,asymptomatic,135.0,0.0,False,normal,63.0,True,0.5,upsloping,3,True,55.31707317073171,0.9349593495934959,-1.8343462719457118,60
679,60,Male,Switzerland,asymptomatic,160.0,0.0,False,st-t abnormality,99.0,True,0.5,flat,3,True,55.31707317073171,0.9349593495934959,-1.8343462719457118,60
680,60,Male,Switzerland,asymptomatic,160.0,0.0,False,normal,149.0,False,0.4,flat,1,True,55.31707317073171,0.9349593495934959,-1.8343462719457118,60
681,61,Male,Switzerland,non-anginal,200.0,0.0,False,st-t abnormality,70.0,False,0.0,Unknown,3,True,55.31707317073171,0.9349593495934959,-1.8343462719457118,60
682,61,Male,Switzerland,asymptomatic,105.0,0.0,False,normal,110.0,True,1.5,upsloping,1,True,55.31707317073171,0.9349593495934959,-1.8343462719457118,60
683,61,Male,Switzerland,asymptomatic,110.0,0.0,False,normal,113.0,False,1.4,flat,1,True,55.31707317073171,0.9349593495934959,-1.8343462719457118,60
684,61,Male,Switzerland,asymptomatic,125.0,0.0,False,normal,105.0,True,0.0,downsloping,3,True,55.31707317073171,0.9349593495934959,-1.8343462719457118,60
685,61,Male,Switzerland,asymptomatic,130.0,0.0,False,lv hypertrophy,115.0,False,0.0,flat,3,True,55.31707317073171,0.9349593495934959,-1.8343462719457118,60
686,61,Male,Switzerland,asymptomatic,130.0,0.0,False,normal,77.0,False,2.5,flat,3,True,55.31707317073171,0.9349593495934959,-1.8343462719457118,60
687,61,Male,Switzerland,asymptomatic,150.0,0.0,False,normal,105.0,True,0.0,flat,1,True,55.31707317073171,0.9349593495934959,-1.8343462719457118,60
688,61,Male,Switzerland,asymptomatic,150.0,0.0,False,normal,117.0,True,2.0,flat,2,True,55.31707317073171,0.9349593495934959,-1.8343462719457118,60
689,61,Male,Switzerland,asymptomatic,160.0,0.0,True,st-t abnormality,145.0,False,1.0,flat,2,True,55.31707317073171,0.9349593495934959,-1.8343462719457118,60
690,62,Female,Switzerland,typical angina,140.0,0.0,False,normal,143.0,False,0.0,Unknown,2,True,55.31707317073171,0.9349593495934959,-1.8343462719457118,60
691,62,Female,Switzerland,asymptomatic,120.0,0.0,False,st-t abnormality,123.0,True,1.7,downsloping,1,True,55.31707317073171,0.9349593495934959,-1.8343462719457118,60
692,62,Male,Switzerland,typical angina,120.0,0.0,False,lv hypertrophy,134.0,False,-0.8,flat,1,True,55.31707317073171,0.9349593495934959,-1.8343462719457118,60
693,62,Male,Switzerland,non-anginal,160.0,0.0,False,normal,72.0,True,0.0,flat,3,True,55.31707317073171,0.9349593495934959,-1.8343462719457118,60
694,62,Male,Switzerland,asymptomatic,115.0,0.0,False,normal,128.0,True,2.5,downsloping,2,True,55.31707317073171,0.9349593495934959,-1.8343462719457118,60
695,62,Male,Switzerland,asymptomatic,115.0,0.0,False,normal,72.0,True,-0.5,flat,1,True,55.31707317073171,0.9349593495934959,-1.8343462719457118,60
696,62,Male,Switzerland,asymptomatic,150.0,0.0,False,st-t abnormality,78.0,False,2.0,flat,3,True,55.31707317073171,0.9349593495934959,-1.8343462719457118,60
697,63,Male,Switzerland,asymptomatic,100.0,0.0,False,normal,109.0,False,-0.9,flat,1,True,55.31707317073171,0.9349593495934959,-1.8343462719457118,60
698,63,Male,Switzerland,asymptomatic,140.0,0.0,False,lv hypertrophy,149.0,False,2.0,upsloping,2,True,55.31707317073171,0.9349593495934959,-1.8343462719457118,60
699,63,Male,Switzerland,asymptomatic,150.0,0.0,False,normal,86.0,True,2.0,flat,3,True,55.31707317073171,0.9349593495934959,-1.8343462719457118,60
700,63,Male,Switzerland,asymptomatic,150.0,0.0,False,st-t abnormality,154.0,False,3.7,upsloping,3,True,55.31707317073171,0.9349593495934959,-1.8343462719457118,60
701,63,Male,Switzerland,asymptomatic,185.0,0.0,False,normal,98.0,True,0.0,upsloping,1,True,55.31707317073171,0.9349593495934959,-1.8343462719457118,60
702,64,Female,Switzerland,asymptomatic,200.0,0.0,False,normal,140.0,True,1.0,flat,3,True,55.31707317073171,0.9349593495934959,-1.8343462719457118,60
703,64,Female,Switzerland,asymptomatic,95.0,0.0,False,normal,145.0,False,1.1,downsloping,1,True,55.31707317073171,0.9349593495934959,-1.8343462719457118,60
704,64,Male,Switzerland,asymptomatic,110.0,0.0,False,normal,114.0,True,1.3,downsloping,1,True,55.31707317073171,0.9349593495934959,-1.8343462719457118,60
705,65,Male,Switzerland,asymptomatic,115.0,0.0,False,normal,93.0,True,0.0,flat,1,True,55.31707317073171,0.9349593495934959,-1.8343462719457118,60
706,65,Male,Switzerland,asymptomatic,145.0,0.0,False,st-t abnormality,67.0,False,0.5,Unknown,3,True,55.31707317073171,0.9349593495934959,-1.8343462719457118,60
707,65,Male,Switzerland,asymptomatic,155.0,0.0,False,normal,154.0,False,1.0,upsloping,0,False,55.31707317073171,0.9349593495934959,-1.8343462719457118,60
708,65,Male,Switzerland,asymptomatic,160.0,0.0,True,st-t abnormality,122.0,False,0.5,Unknown,3,True,55.31707317073171,0.9349593495934959,-1.8343462719457118,60
709,66,Female,Switzerland,asymptomatic,155.0,0.0,False,normal,90.0,False,0.0,Unknown,1,True,55.31707317073171,0.9349593495934959,-1.8343462719457118,60
710,66,Male,Switzerland,asymptomatic,150.0,0.0,False,normal,108.0,True,2.0,flat,3,True,55.31707317073171,0.9349593495934959,-1.8343462719457118,60
711,67,Male,Switzerland,typical angina,145.0,0.0,False,lv hypertrophy,125.0,False,0.0,flat,2,True,55.31707317073171,0.9349593495934959,-1.8343462719457118,60
712,68,Male,Switzerland,asymptomatic,135.0,0.0,False,st-t abnormality,120.0,True,0.0,upsloping,3,True,55.31707317073171,0.9349593495934959,-1.8343462719457118,60
713,68,Male,Switzerland,asymptomatic,145.0,0.0,False,normal,136.0,False,1.8,upsloping,1,True,55.31707317073171,0.9349593495934959,-1.8343462719457118,60
714,69,Male,Switzerland,asymptomatic,135.0,0.0,False,normal,130.0,False,0.0,flat,1,True,55.31707317073171,0.9349593495934959,-1.8343462719457118,60
715,69,Male,Switzerland,asymptomatic,130.0,0.0,False,st-t abnormality,140.0,False,0.5,Unknown,3,True,55.31707317073171,0.9349593495934959,-1.8343462719457118,60
716,70,Male,Switzerland,asymptomatic,115.0,0.0,False,st-t abnormality,92.0,True,0.0,flat,1,True,55.31707317073171,0.9349593495934959,-1.8343462719457118,70
717,70,Male,Switzerland,asymptomatic,140.0,0.0,True,normal,157.0,True,2.0,flat,3,True,55.31707317073171,0.9349593495934959,-1.8343462719457118,70
718,72,Male,Switzerland,non-anginal,160.0,0.0,False,lv hypertrophy,114.0,False,1.6,flat,0,False,55.31707317073171,0.9349593495934959,-1.8343462719457118,70
719,73,Female,Switzerland,non-anginal,160.0,0.0,False,st-t abnormality,121.0,False,0.0,upsloping,1,True,55.31707317073171,0.9349593495934959,-1.8343462719457118,70
720,74,Male,Switzerland,atypical angina,145.0,0.0,False,st-t abnormality,123.0,False,1.3,upsloping,1,True,55.31707317073171,0.9349593495934959,-1.8343462719457118,70
721,63,Male,VA Long Beach,asymptomatic,140.0,260.0,False,st-t abnormality,112.0,True,3.0,flat,2,True,59.35,0.745,0.5513930234359529,60
722,44,Male,VA Long Beach,asymptomatic,130.0,209.0,False,st-t abnormality,127.0,False,0.0,Unknown,0,False,59.35,0.745,0.08342108472647254,40
723,60,Male,VA Long Beach,asymptomatic,132.0,218.0,False,st-t abnormality,140.0,True,1.5,downsloping,2,True,59.35,0.745,0.16600436802814555,60
724,55,Male,VA Long Beach,asymptomatic,142.0,228.0,False,st-t abnormality,149.0,True,2.5,upsloping,1,True,59.35,0.745,0.25776357169667113,50
725,66,Male,VA Long Beach,non-anginal,110.0,213.0,True,lv hypertrophy,99.0,True,1.3,flat,0,False,59.35,0.745,0.12012476619388276,60
726,66,Male,VA Long Beach,non-anginal,120.0,0.0,False,st-t abnormality,120.0,False,-0.5,upsloping,0,False,59.35,0.745,-1.8343462719457118,60
727,65,Male,VA Long Beach,asymptomatic,150.0,236.0,True,st-t abnormality,105.0,True,0.0,Unknown,3,True,59.35,0.745,0.33117093463149155,60
728,60,Male,VA Long Beach,non-anginal,180.0,0.0,False,st-t abnormality,140.0,True,1.5,flat,0,False,59.35,0.745,-1.8343462719457118,60
729,60,Male,VA Long Beach,non-anginal,120.0,0.0,False,normal,141.0,True,2.0,upsloping,3,True,59.35,0.745,-1.8343462719457118,60
730,60,Male,VA Long Beach,atypical angina,160.0,267.0,True,st-t abnormality,157.0,False,0.5,flat,1,True,59.35,0.745,0.6156244660039208,60
731,56,Male,VA Long Beach,atypical angina,126.0,166.0,False,st-t abnormality,140.0,False,0.0,Unknown,0,False,59.35,0.745,-0.3111434910481874,50
732,59,Male,VA Long Beach,asymptomatic,140.0,0.0,False,st-t abnormality,117.0,True,1.0,flat,1,True,59.35,0.745,-1.8343462719457118,50
733,62,Male,VA Long Beach,asymptomatic,110.0,0.0,False,normal,120.0,True,0.5,flat,1,True,59.35,0.745,-1.8343462719457118,60
734,63,Male,VA Long Beach,non-anginal,130.0,0.0,False,lv hypertrophy,140.0,False,0.5,Unknown,1,True,59.35,0.745,-1.8343462719457118,60
735,57,Male,VA Long Beach,asymptomatic,128.0,0.0,True,st-t abnormality,148.0,True,1.0,flat,1,True,59.35,0.745,-1.8343462719457118,50
736,62,Male,VA Long Beach,asymptomatic,120.0,220.0,False,st-t abnormality,86.0,False,0.0,Unknown,0,False,59.35,0.745,0.18435620876185066,60
737,63,Male,VA Long Beach,asymptomatic,170.0,177.0,False,normal,84.0,True,2.5,downsloping,4,True,59.35,0.745,-0.21020836701280926,60
738,46,Male,VA Long Beach,asymptomatic,110.0,236.0,False,normal,125.0,True,2.0,flat,1,True,59.35,0.745,0.33117093463149155,40
739,63,Male,VA Long Beach,asymptomatic,126.0,0.0,False,st-t abnormality,120.0,False,1.5,downsloping,0,False,59.35,0.745,-1.8343462719457118,60
740,60,Male,VA Long Beach,asymptomatic,152.0,0.0,False,st-t abnormality,118.0,True,0.0,Unknown,0,False,59.35,0.745,-1.8343462719457118,60
741,58,Male,VA Long Beach,asymptomatic,116.0,0.0,False,normal,124.0,False,1.0,upsloping,2,True,59.35,0.745,-1.8343462719457118,50
742,64,Male,VA Long Beach,asymptomatic,120.0,0.0,True,st-t abnormality,106.0,False,2.0,flat,1,True,59.35,0.745,-1.8343462719457118,60
743,63,Male,VA Long Beach,non-anginal,130.0,0.0,False,st-t abnormality,111.0,True,0.0,Unknown,3,True,59.35,0.745,-1.8343462719457118,60
744,74,Male,VA Long Beach,non-anginal,130.0,0.0,False,normal,140.0,False,0.5,Unknown,0,False,59.35,0.745,-1.8343462719457118,70
745,52,Male,VA Long Beach,non-anginal,128.0,0.0,False,st-t abnormality,180.0,False,3.0,upsloping,2,True,59.35,0.745,-1.8343462719457118,50
746,69,Male,VA Long Beach,asymptomatic,130.0,0.0,True,st-t abnormality,129.0,False,1.0,flat,2,True,59.35,0.745,-1.8343462719457118,60
747,51,Male,VA Long Beach,asymptomatic,130.0,0.0,True,st-t abnormality,140.0,False,0.5,Unknown,2,True,59.35,0.745,-1.8343462719457118,50
748,60,Male,VA Long Beach,asymptomatic,130.0,186.0,True,st-t abnormality,140.0,True,0.5,flat,1,True,59.35,0.745,-0.12762508371113626,60
749,56,Male,VA Long Beach,asymptomatic,120.0,100.0,False,normal,120.0,True,1.5,flat,1,True,59.35,0.745,-0.9167542352604561,50
750,55,Male,VA Long Beach,non-anginal,130.0,228.0,False,st-t abnormality,140.0,False,0.5,Unknown,3,True,59.35,0.745,0.25776357169667113,50
751,54,Male,VA Long Beach,asymptomatic,130.0,0.0,False,st-t abnormality,140.0,False,0.5,Unknown,3,True,59.35,0.745,-1.8343462719457118,50
752,77,Male,VA Long Beach,asymptomatic,124.0,171.0,False,st-t abnormality,110.0,True,2.0,upsloping,3,True,59.35,0.745,-0.2652638892139246,70
753,63,Male,VA Long Beach,asymptomatic,160.0,230.0,True,normal,105.0,True,1.0,flat,3,True,59.35,0.745,0.27611541243037624,60
754,55,Male,VA Long Beach,non-anginal,0.0,0.0,False,normal,155.0,False,1.5,flat,3,True,59.35,0.745,-1.8343462719457118,50
755,52,Male,VA Long Beach,non-anginal,122.0,0.0,False,normal,110.0,True,2.0,downsloping,2,True,59.35,0.745,-1.8343462719457118,50
756,64,Male,VA Long Beach,asymptomatic,144.0,0.0,False,st-t abnormality,122.0,True,1.0,flat,3,True,59.35,0.745,-1.8343462719457118,60
757,60,Male,VA Long Beach,asymptomatic,130.0,281.0,False,st-t abnormality,140.0,False,0.5,Unknown,2,True,59.35,0.745,0.7440873511398566,60
758,60,Male,VA Long Beach,asymptomatic,120.0,0.0,False,normal,133.0,True,2.0,upsloping,0,False,59.35,0.745,-1.8343462719457118,60
759,58,Male,VA Long Beach,asymptomatic,130.0,203.0,True,normal,140.0,False,0.5,Unknown,1,True,59.35,0.745,0.028365562525357203,50
760,59,Male,VA Long Beach,asymptomatic,154.0,0.0,False,st-t abnormality,131.0,True,1.5,Unknown,0,False,59.35,0.745,-1.8343462719457118,50
761,61,Male,VA Long Beach,non-anginal,120.0,0.0,False,normal,80.0,True,0.0,flat,3,True,59.35,0.745,-1.8343462719457118,60
762,40,Male,VA Long Beach,asymptomatic,125.0,0.0,True,normal,165.0,False,0.0,Unknown,1,True,59.35,0.745,-1.8343462719457118,40
763,61,Male,VA Long Beach,asymptomatic,130.0,0.0,True,st-t abnormality,86.0,False,1.5,flat,3,True,59.35,0.745,-1.8343462719457118,60
764,41,Male,VA Long Beach,asymptomatic,104.0,0.0,False,st-t abnormality,111.0,False,0.0,Unknown,0,False,59.35,0.745,-1.8343462719457118,40
765,57,Male,VA Long Beach,asymptomatic,130.0,277.0,True,st-t abnormality,140.0,False,0.5,Unknown,4,True,59.35,0.745,0.7073836696724464,50
766,63,Male,VA Long Beach,asymptomatic,136.0,0.0,False,normal,84.0,True,0.0,Unknown,2,True,59.35,0.745,-1.8343462719457118,60
767,59,Male,VA Long Beach,asymptomatic,122.0,233.0,False,normal,117.0,True,1.3,downsloping,1,True,59.35,0.745,0.3036431735309339,50
768,51,Male,VA Long Beach,asymptomatic,128.0,0.0,False,normal,107.0,False,0.0,Unknown,0,False,59.35,0.745,-1.8343462719457118,50
769,59,Male,VA Long Beach,non-anginal,130.0,0.0,False,normal,128.0,True,2.0,downsloping,2,True,59.35,0.745,-1.8343462719457118,50
770,42,Male,VA Long Beach,non-anginal,134.0,240.0,False,normal,160.0,False,0.0,Unknown,0,False,59.35,0.745,0.36787461609890176,40
771,55,Male,VA Long Beach,non-anginal,120.0,0.0,False,st-t abnormality,125.0,True,2.5,flat,1,True,59.35,0.745,-1.8343462719457118,50
772,63,Female,VA Long Beach,atypical angina,130.0,0.0,False,normal,140.0,False,0.5,Unknown,0,False,59.35,0.745,-1.8343462719457118,60
773,62,Male,VA Long Beach,asymptomatic,152.0,153.0,False,st-t abnormality,97.0,True,1.6,upsloping,2,True,59.35,0.745,-0.43043045581727063,60
774,56,Male,VA Long Beach,atypical angina,124.0,224.0,True,normal,161.0,False,2.0,flat,0,False,59.35,0.745,0.2210598902292609,50
775,53,Male,VA Long Beach,asymptomatic,126.0,0.0,False,normal,106.0,False,0.0,Unknown,1,True,59.35,0.745,-1.8343462719457118,50
776,68,Male,VA Long Beach,asymptomatic,138.0,0.0,False,normal,130.0,True,3.0,flat,2,True,59.35,0.745,-1.8343462719457118,60
777,53,Male,VA Long Beach,asymptomatic,154.0,0.0,False,st-t abnormality,140.0,True,1.5,flat,2,True,59.35,0.745,-1.8343462719457118,50
778,60,Male,VA Long Beach,non-anginal,130.0,316.0,True,st-t abnormality,140.0,False,0.5,Unknown,3,True,59.35,0.745,1.0652445639796961,60
779,62,Male,VA Long Beach,atypical angina,130.0,0.0,False,normal,140.0,False,0.5,Unknown,0,False,59.35,0.745,-1.8343462719457118,60
780,59,Male,VA Long Beach,asymptomatic,178.0,0.0,True,lv hypertrophy,120.0,True,0.0,Unknown,1,True,59.35,0.745,-1.8343462719457118,50
781,51,Male,VA Long Beach,asymptomatic,130.0,218.0,True,lv hypertrophy,140.0,False,0.5,Unknown,0,False,59.35,0.745,0.16600436802814555,50
782,61,Male,VA Long Beach,asymptomatic,110.0,0.0,False,normal,108.0,True,2.0,downsloping,2,True,59.35,0.745,-1.8343462719457118,60
783,57,Male,VA Long Beach,asymptomatic,130.0,311.0,False,st-t abnormality,148.0,True,2.0,flat,1,True,59.35,0.745,1.0193649621454333,50
784,56,Male,VA Long Beach,non-anginal,170.0,0.0,False,lv hypertrophy,123.0,True,2.5,Unknown,4,True,59.35,0.745,-1.8343462719457118,50
785,58,Male,VA Long Beach,atypical angina,126.0,0.0,True,normal,110.0,True,2.0,flat,2,True,59.35,0.745,-1.8343462719457118,50
786,69,Male,VA Long Beach,non-anginal,140.0,0.0,False,st-t abnormality,118.0,False,2.5,downsloping,2,True,59.35,0.745,-1.8343462719457118,60
787,67,Male,VA Long Beach,typical angina,142.0,270.0,True,normal,125.0,False,2.5,upsloping,3,True,59.35,0.745,0.6431522271044785,60
788,58,Male,VA Long Beach,asymptomatic,120.0,0.0,False,lv hypertrophy,106.0,True,1.5,downsloping,1,True,59.35,0.745,-1.8343462719457118,50
789,65,Male,VA Long Beach,asymptomatic,130.0,0.0,False,normal,140.0,False,0.5,Unknown,1,True,59.35,0.745,-1.8343462719457118,60
790,63,Male,VA Long Beach,atypical angina,130.0,217.0,True,st-t abnormality,140.0,False,0.5,Unknown,1,True,59.35,0.745,0.156828447661293,60
791,55,Male,VA Long Beach,atypical angina,110.0,214.0,True,st-t abnormality,180.0,False,0.5,Unknown,0,False,59.35,0.745,0.12930068656073532,50
792,57,Male,VA Long Beach,asymptomatic,140.0,214.0,False,st-t abnormality,144.0,True,2.0,flat,2,True,59.35,0.745,0.12930068656073532,50
793,65,Male,VA Long Beach,typical angina,130.0,252.0,False,normal,140.0,False,0.5,Unknown,0,False,59.35,0.745,0.47798566050113245,60
794,54,Male,VA Long Beach,asymptomatic,136.0,220.0,False,normal,140.0,True,3.0,flat,3,True,59.35,0.745,0.18435620876185066,50
795,72,Male,VA Long Beach,non-anginal,120.0,214.0,False,normal,102.0,True,1.0,flat,3,True,59.35,0.745,0.12930068656073532,70
796,75,Male,VA Long Beach,asymptomatic,170.0,203.0,True,st-t abnormality,108.0,False,0.0,Unknown,1,True,59.35,0.745,0.028365562525357203,70
797,49,Male,VA Long Beach,typical angina,130.0,0.0,False,st-t abnormality,145.0,False,3.0,flat,2,True,59.35,0.745,-1.8343462719457118,40
798,51,Male,VA Long Beach,non-anginal,130.0,339.0,False,normal,140.0,False,0.5,Unknown,3,True,59.35,0.745,1.276290732417305,50
799,60,Male,VA Long Beach,asymptomatic,142.0,216.0,False,normal,110.0,True,2.5,flat,2,True,59.35,0.745,0.14765252729444042,60
800,64,Female,VA Long Beach,asymptomatic,142.0,276.0,False,normal,140.0,True,1.0,flat,1,True,59.35,0.745,0.6982077493055938,60
801,58,Male,VA Long Beach,asymptomatic,132.0,458.0,True,normal,69.0,False,1.0,downsloping,0,False,59.35,0.745,2.368225256072759,50
802,61,Male,VA Long Beach,asymptomatic,146.0,241.0,False,normal,148.0,True,3.0,downsloping,2,True,59.35,0.745,0.3770505364657543,60
803,67,Male,VA Long Beach,asymptomatic,160.0,384.0,True,st-t abnormality,130.0,True,0.0,flat,2,True,59.35,0.745,1.68920714892567,60
804,62,Male,VA Long Beach,asymptomatic,135.0,297.0,False,normal,130.0,True,1.0,flat,2,True,59.35,0.745,0.8909020770094975,60
805,65,Male,VA Long Beach,asymptomatic,136.0,248.0,False,normal,140.0,True,4.0,downsloping,4,True,59.35,0.745,0.44128197903372224,60
806,63,Male,VA Long Beach,asymptomatic,130.0,308.0,False,normal,138.0,True,2.0,flat,2,True,59.35,0.745,0.9918372010448756,60
807,69,Male,VA Long Beach,asymptomatic,140.0,208.0,False,st-t abnormality,140.0,True,2.0,Unknown,3,True,59.35,0.745,0.07424516435961999,60
808,51,Male,VA Long Beach,asymptomatic,130.0,227.0,True,st-t abnormality,140.0,False,0.5,Unknown,0,False,59.35,0.745,0.24858765132981855,50
809,62,Male,VA Long Beach,asymptomatic,158.0,210.0,True,normal,112.0,True,3.0,downsloping,1,True,59.35,0.745,0.0925970050933251,60
810,55,Male,VA Long Beach,non-anginal,130.0,245.0,True,st-t abnormality,140.0,False,0.5,Unknown,1,True,59.35,0.745,0.4137542179331646,50
811,75,Male,VA Long Beach,asymptomatic,136.0,225.0,False,normal,112.0,True,3.0,flat,3,True,59.35,0.745,0.23023581059611345,70
812,40,Male,VA Long Beach,non-anginal,106.0,240.0,False,normal,80.0,True,0.0,Unknown,0,False,59.35,0.745,0.36787461609890176,40
813,67,Male,VA Long Beach,asymptomatic,120.0,0.0,True,normal,150.0,False,1.5,downsloping,3,True,59.35,0.745,-1.8343462719457118,60
814,58,Male,VA Long Beach,asymptomatic,110.0,198.0,False,normal,110.0,False,0.0,Unknown,1,True,59.35,0.745,-0.01751403930890558,50
815,60,Male,VA Long Beach,asymptomatic,130.0,195.0,False,normal,140.0,False,0.5,Unknown,0,False,59.35,0.745,-0.04504180040946325,60
816,63,Male,VA Long Beach,asymptomatic,160.0,267.0,True,st-t abnormality,88.0,True,2.0,Unknown,3,True,59.35,0.745,0.6156244660039208,60
817,35,Male,VA Long Beach,non-anginal,130.0,161.0,False,st-t abnormality,140.0,False,0.5,Unknown,0,False,59.35,0.745,-0.35702309288245015,30
818,62,Male,VA Long Beach,typical angina,112.0,258.0,False,st-t abnormality,150.0,True,0.5,Unknown,1,True,59.35,0.745,0.5330411827022478,60
819,43,Male,VA Long Beach,asymptomatic,122.0,0.0,False,normal,120.0,False,0.5,upsloping,1,True,59.35,0.745,-1.8343462719457118,40
820,63,Male,VA Long Beach,non-anginal,130.0,0.0,True,st-t abnormality,160.0,False,3.0,flat,0,False,59.35,0.745,-1.8343462719457118,60
821,68,Male,VA Long Beach,non-anginal,150.0,195.0,True,normal,132.0,False,0.0,Unknown,1,True,59.35,0.745,-0.04504180040946325,60
822,65,Male,VA Long Beach,asymptomatic,150.0,235.0,False,normal,120.0,True,1.5,flat,3,True,59.35,0.745,0.321995014264639,60
823,48,Male,VA Long Beach,non-anginal,102.0,0.0,False,st-t abnormality,110.0,True,1.0,downsloping,1,True,59.35,0.745,-1.8343462719457118,40
824,63,Male,VA Long Beach,asymptomatic,96.0,305.0,False,st-t abnormality,121.0,True,1.0,upsloping,1,True,59.35,0.745,0.964309439944318,60
825,64,Male,VA Long Beach,asymptomatic,130.0,223.0,False,st-t abnormality,128.0,False,0.5,flat,0,False,59.35,0.745,0.21188396986240832,60
826,61,Male,VA Long Beach,asymptomatic,120.0,282.0,False,st-t abnormality,135.0,True,4.0,downsloping,3,True,59.35,0.745,0.7532632715067091,60
827,50,Male,VA Long Beach,asymptomatic,144.0,349.0,False,lv hypertrophy,120.0,True,1.0,upsloping,1,True,59.35,0.745,1.3680499360858305,50
828,59,Male,VA Long Beach,asymptomatic,124.0,223.0,False,normal,117.0,True,1.0,flat,1,True,59.35,0.745,0.21188396986240832,50
829,55,Male,VA Long Beach,asymptomatic,150.0,160.0,False,st-t abnormality,150.0,False,0.0,Unknown,0,False,59.35,0.745,-0.3661990132493027,50
830,45,Male,VA Long Beach,non-anginal,130.0,236.0,False,normal,140.0,False,0.5,Unknown,0,False,59.35,0.745,0.33117093463149155,40
831,65,Male,VA Long Beach,asymptomatic,130.0,312.0,False,lv hypertrophy,140.0,False,0.5,Unknown,3,True,59.35,0.745,1.028540882512286,60
832,61,Male,VA Long Beach,atypical angina,130.0,283.0,False,normal,140.0,False,0.5,Unknown,0,False,59.35,0.745,0.7624391918735617,60
833,49,Male,VA Long Beach,non-anginal,130.0,142.0,False,normal,140.0,False,0.5,Unknown,3,True,59.35,0.745,-0.5313655798526488,40
834,72,Male,VA Long Beach,asymptomatic,130.0,211.0,False,normal,140.0,False,0.5,Unknown,1,True,59.35,0.745,0.10177292546017765,70
835,50,Male,VA Long Beach,asymptomatic,130.0,218.0,False,normal,140.0,False,0.5,Unknown,1,True,59.35,0.745,0.16600436802814555,50
836,64,Male,VA Long Beach,asymptomatic,130.0,306.0,True,st-t abnormality,140.0,False,0.5,Unknown,3,True,59.35,0.745,0.9734853603111705,60
837,55,Male,VA Long Beach,asymptomatic,116.0,186.0,True,st-t abnormality,102.0,False,0.0,Unknown,2,True,59.35,0.745,-0.12762508371113626,50
838,63,Male,VA Long Beach,asymptomatic,110.0,252.0,False,st-t abnormality,140.0,True,2.0,flat,2,True,59.35,0.745,0.47798566050113245,60
839,59,Male,VA Long Beach,asymptomatic,125.0,222.0,False,normal,135.0,True,2.5,downsloping,3,True,59.35,0.745,0.20270804949555576,50
840,56,Male,VA Long Beach,asymptomatic,130.0,0.0,False,lv hypertrophy,140.0,False,0.5,Unknown,1,True,59.35,0.745,-1.8343462719457118,50
841,62,Male,VA Long Beach,non-anginal,130.0,0.0,True,st-t abnormality,140.0,False,0.5,Unknown,2,True,59.35,0.745,-1.8343462719457118,60
842,74,Male,VA Long Beach,asymptomatic,150.0,258.0,True,st-t abnormality,130.0,True,4.0,downsloping,3,True,59.35,0.745,0.5330411827022478,70
843,54,Male,VA Long Beach,asymptomatic,130.0,202.0,True,normal,112.0,True,2.0,flat,1,True,59.35,0.745,0.019189642158504647,50
844,57,Male,VA Long Beach,asymptomatic,110.0,197.0,False,lv hypertrophy,100.0,False,0.0,Unknown,0,False,59.35,0.745,-0.026689959675758136,50
845,62,Male,VA Long Beach,non-anginal,130.0,204.0,False,st-t abnormality,140.0,False,0.5,Unknown,1,True,59.35,0.745,0.03754148289220976,60
846,76,Male,VA Long Beach,non-anginal,104.0,223.0,False,lv hypertrophy,120.0,False,3.5,downsloping,4,True,59.35,0.745,0.21188396986240832,70
847,54,Female,VA Long Beach,asymptomatic,138.0,274.0,False,normal,105.0,True,1.5,flat,1,True,59.35,0.745,0.6798559085718887,50
848,70,Male,VA Long Beach,asymptomatic,170.0,192.0,False,st-t abnormality,129.0,True,3.0,downsloping,2,True,59.35,0.745,-0.07256956151002092,70
849,61,Female,VA Long Beach,atypical angina,140.0,298.0,True,normal,120.0,True,0.0,Unknown,0,False,59.35,0.745,0.9000779973763501,60
850,48,Male,VA Long Beach,asymptomatic,130.0,272.0,False,st-t abnormality,140.0,False,0.5,Unknown,0,False,59.35,0.745,0.6615040678381836,40
851,48,Male,VA Long Beach,non-anginal,132.0,220.0,True,st-t abnormality,162.0,False,0.0,Unknown,1,True,59.35,0.745,0.18435620876185066,40
852,61,Male,VA Long Beach,typical angina,142.0,200.0,True,st-t abnormality,100.0,False,1.5,downsloping,3,True,59.35,0.745,0.0008378014247995337,60
853,66,Male,VA Long Beach,asymptomatic,112.0,261.0,False,normal,140.0,False,1.5,upsloping,1,True,59.35,0.745,0.5605689438028054,60
854,68,Male,VA Long Beach,typical angina,130.0,181.0,True,st-t abnormality,140.0,False,0.5,Unknown,0,False,59.35,0.745,-0.17350468554539902,60
855,55,Male,VA Long Beach,asymptomatic,172.0,260.0,False,normal,73.0,False,2.0,Unknown,3,True,59.35,0.745,0.5513930234359529,50
856,62,Male,VA Long Beach,non-anginal,120.0,220.0,False,lv hypertrophy,86.0,False,0.0,Unknown,0,False,59.35,0.745,0.18435620876185066,60
857,71,Male,VA Long Beach,non-anginal,130.0,221.0,False,normal,140.0,False,0.5,Unknown,3,True,59.35,0.745,0.1935321291287032,70
858,74,Male,VA Long Beach,typical angina,130.0,216.0,True,normal,140.0,False,0.5,Unknown,3,True,59.35,0.745,0.14765252729444042,70
859,53,Male,VA Long Beach,non-anginal,155.0,175.0,True,st-t abnormality,160.0,False,0.5,Unknown,0,False,59.35,0.745,-0.22856020774651437,50
860,58,Male,VA Long Beach,non-anginal,150.0,219.0,False,st-t abnormality,118.0,True,0.0,Unknown,2,True,59.35,0.745,0.1751802883949981,50
861,75,Male,VA Long Beach,asymptomatic,160.0,310.0,True,normal,112.0,True,2.0,downsloping,0,False,59.35,0.745,1.0101890417785808,70
862,56,Male,VA Long Beach,non-anginal,130.0,208.0,True,st-t abnormality,140.0,False,0.5,Unknown,4,True,59.35,0.745,0.07424516435961999,50
863,58,Male,VA Long Beach,non-anginal,130.0,232.0,False,st-t abnormality,140.0,False,0.5,Unknown,2,True,59.35,0.745,0.29446725316408134,50
864,64,Male,VA Long Beach,asymptomatic,134.0,273.0,False,normal,102.0,True,4.0,downsloping,4,True,59.35,0.745,0.6706799882050362,60
865,54,Male,VA Long Beach,non-anginal,130.0,203.0,False,st-t abnormality,140.0,False,0.5,Unknown,0,False,59.35,0.745,0.028365562525357203,50
866,54,Male,VA Long Beach,atypical angina,130.0,182.0,False,st-t abnormality,140.0,False,0.5,Unknown,0,False,59.35,0.745,-0.16432876517854647,50
867,59,Male,VA Long Beach,asymptomatic,140.0,274.0,False,normal,154.0,True,2.0,flat,0,False,59.35,0.745,0.6798559085718887,50
868,55,Male,VA Long Beach,asymptomatic,130.0,204.0,True,st-t abnormality,140.0,False,0.5,Unknown,1,True,59.35,0.745,0.03754148289220976,50
869,57,Male,VA Long Beach,asymptomatic,144.0,270.0,True,st-t abnormality,160.0,True,2.0,flat,3,True,59.35,0.745,0.6431522271044785,50
870,61,Male,VA Long Beach,asymptomatic,130.0,292.0,False,st-t abnormality,140.0,False,0.5,Unknown,3,True,59.35,0.745,0.8450224751752348,60
871,41,Male,VA Long Beach,asymptomatic,150.0,171.0,False,normal,128.0,True,1.5,flat,0,False,59.35,0.745,-0.2652638892139246,40
872,71,Male,VA Long Beach,asymptomatic,130.0,221.0,False,st-t abnormality,115.0,True,0.0,Unknown,3,True,59.35,0.745,0.1935321291287032,70
873,38,Male,VA Long Beach,asymptomatic,110.0,289.0,False,normal,105.0,True,1.5,downsloping,1,True,59.35,0.745,0.817494714074677,30
874,55,Male,VA Long Beach,asymptomatic,158.0,217.0,False,normal,110.0,True,2.5,flat,1,True,59.35,0.745,0.156828447661293,50
875,56,Male,VA Long Beach,asymptomatic,128.0,223.0,False,st-t abnormality,119.0,True,2.0,downsloping,2,True,59.35,0.745,0.21188396986240832,50
876,69,Male,VA Long Beach,asymptomatic,130.0,223.0,True,normal,140.0,False,0.5,Unknown,2,True,59.35,0.745,0.21188396986240832,60
877,64,Male,VA Long Beach,asymptomatic,150.0,193.0,False,st-t abnormality,135.0,True,0.5,flat,2,True,59.35,0.745,-0.06339364114316837,60
878,72,Male,VA Long Beach,asymptomatic,160.0,223.0,True,lv hypertrophy,130.0,False,1.5,Unknown,2,True,59.35,0.745,0.21188396986240832,70
879,69,Male,VA Long Beach,asymptomatic,130.0,210.0,True,st-t abnormality,140.0,False,0.5,Unknown,2,True,59.35,0.745,0.0925970050933251,60
880,56,Male,VA Long Beach,asymptomatic,130.0,282.0,True,normal,140.0,False,0.5,Unknown,1,True,59.35,0.745,0.7532632715067091,50
881,62,Male,VA Long Beach,asymptomatic,130.0,170.0,False,st-t abnormality,120.0,True,3.0,Unknown,4,True,59.35,0.745,-0.2744398095807771,60
882,67,Male,VA Long Beach,asymptomatic,130.0,369.0,False,normal,140.0,False,0.5,Unknown,3,True,59.35,0.745,1.5515683434228815,60
883,57,Male,VA Long Beach,asymptomatic,156.0,173.0,False,lv hypertrophy,119.0,True,3.0,downsloping,3,True,59.35,0.745,-0.2469120484802195,50
884,69,Male,VA Long Beach,asymptomatic,130.0,289.0,True,st-t abnormality,140.0,False,0.5,Unknown,3,True,59.35,0.745,0.817494714074677,60
885,51,Male,VA Long Beach,asymptomatic,130.0,223.0,True,lv hypertrophy,140.0,False,0.5,Unknown,1,True,59.35,0.745,0.21188396986240832,50
886,48,Male,VA Long Beach,asymptomatic,140.0,223.0,False,normal,159.0,True,1.5,upsloping,3,True,59.35,0.745,0.21188396986240832,40
887,69,Male,VA Long Beach,asymptomatic,122.0,216.0,True,lv hypertrophy,84.0,True,0.0,Unknown,2,True,59.35,0.745,0.14765252729444042,60
888,69,Male,VA Long Beach,non-anginal,130.0,271.0,False,lv hypertrophy,140.0,False,0.5,Unknown,0,False,59.35,0.745,0.652328147471331,60
889,64,Male,VA Long Beach,asymptomatic,130.0,244.0,True,st-t abnormality,140.0,False,0.5,Unknown,2,True,59.35,0.745,0.40457829756631203,60
890,57,Male,VA Long Beach,atypical angina,180.0,285.0,True,st-t abnormality,120.0,False,0.8,Unknown,1,True,59.35,0.745,0.7807910326072668,50
891,53,Male,VA Long Beach,asymptomatic,124.0,243.0,False,normal,122.0,True,2.0,flat,1,True,59.35,0.745,0.3954023771994595,50
892,37,Male,VA Long Beach,non-anginal,118.0,240.0,False,lv hypertrophy,165.0,False,1.0,flat,0,False,59.35,0.745,0.36787461609890176,30
893,67,Male,VA Long Beach,asymptomatic,140.0,219.0,False,st-t abnormality,122.0,True,2.0,flat,3,True,59.35,0.745,0.1751802883949981,60
894,74,Male,VA Long Beach,non-anginal,140.0,237.0,True,normal,94.0,False,0.0,Unknown,1,True,59.35,0.745,0.3403468549983441,70
895,63,Male,VA Long Beach,atypical angina,130.0,165.0,False,st-t abnormality,140.0,False,0.5,Unknown,0,False,59.35,0.745,-0.32031941141503995,60
896,58,Male,VA Long Beach,asymptomatic,100.0,213.0,False,st-t abnormality,110.0,False,0.0,Unknown,0,False,59.35,0.745,0.12012476619388276,50
897,61,Male,VA Long Beach,asymptomatic,190.0,287.0,True,lv hypertrophy,150.0,True,2.0,downsloping,4,True,59.35,0.745,0.7991428733409719,60
898,64,Male,VA Long Beach,asymptomatic,130.0,258.0,True,lv hypertrophy,130.0,False,0.0,Unknown,2,True,59.35,0.745,0.5330411827022478,60
899,58,Male,VA Long Beach,asymptomatic,160.0,256.0,True,lv hypertrophy,113.0,True,1.0,upsloping,3,True,59.35,0.745,0.5146893419685427,50
900,60,Male,VA Long Beach,asymptomatic,130.0,186.0,True,lv hypertrophy,140.0,True,0.5,flat,1,True,59.35,0.745,-0.12762508371113626,60
901,57,Male,VA Long Beach,asymptomatic,122.0,264.0,False,lv hypertrophy,100.0,False,0.0,Unknown,1,True,59.35,0.745,0.5880967049033632,50
902,55,Male,VA Long Beach,non-anginal,130.0,223.0,False,st-t abnormality,140.0,False,0.5,Unknown,0,False,59.35,0.745,0.21188396986240832,50
903,55,Male,VA Long Beach,asymptomatic,120.0,226.0,False,lv hypertrophy,127.0,True,1.7,downsloping,1,True,59.35,0.745,0.239411730962966,50
904,56,Male,VA Long Beach,asymptomatic,130.0,203.0,True,normal,98.0,False,1.5,flat,1,True,59.35,0.745,0.028365562525357203,50
905,57,Male,VA Long Beach,asymptomatic,130.0,207.0,False,st-t abnormality,96.0,True,1.0,flat,0,False,59.35,0.745,0.06506924399276742,50
906,61,Male,VA Long Beach,non-anginal,130.0,284.0,False,normal,140.0,False,0.5,Unknown,1,True,59.35,0.745,0.7716151122404142,60
907,61,Male,VA Long Beach,non-anginal,120.0,337.0,False,normal,98.0,True,0.0,Unknown,3,True,59.35,0.745,1.2579388916835998,60
908,58,Male,VA Long Beach,non-anginal,150.0,219.0,False,st-t abnormality,118.0,True,0.0,Unknown,2,True,59.35,0.745,0.1751802883949981,50
909,74,Male,VA Long Beach,asymptomatic,155.0,310.0,False,normal,112.0,True,1.5,downsloping,2,True,59.35,0.745,1.0101890417785808,70
910,68,Male,VA Long Beach,non-anginal,134.0,254.0,True,normal,151.0,True,0.0,Unknown,0,False,59.35,0.745,0.49633750123483755,60
911,51,Female,VA Long Beach,asymptomatic,114.0,258.0,True,lv hypertrophy,96.0,False,1.0,upsloping,0,False,59.35,0.745,0.5330411827022478,50
912,62,Male,VA Long Beach,asymptomatic,160.0,254.0,True,st-t abnormality,108.0,True,3.0,flat,4,True,59.35,0.745,0.49633750123483755,60
913,53,Male,VA Long Beach,asymptomatic,144.0,300.0,True,st-t abnormality,128.0,True,1.5,flat,3,True,59.35,0.745,0.9184298381100552,50
914,62,Male,VA Long Beach,asymptomatic,158.0,170.0,False,st-t abnormality,138.0,True,0.0,Unknown,1,True,59.35,0.745,-0.2744398095807771,60
915,46,Male,VA Long Beach,asymptomatic,134.0,310.0,False,normal,126.0,False,0.0,Unknown,2,True,59.35,0.745,1.0101890417785808,40
916,54,Female,VA Long Beach,asymptomatic,127.0,333.0,True,st-t abnormality,154.0,False,0.0,Unknown,1,True,59.35,0.745,1.2212352102161894,50
917,62,Male,VA Long Beach,typical angina,130.0,139.0,False,st-t abnormality,140.0,False,0.5,Unknown,0,False,59.35,0.745,-0.5588933409532064,60
918,55,Male,VA Long Beach,asymptomatic,122.0,223.0,True,st-t abnormality,100.0,False,0.0,Unknown,2,True,59.35,0.745,0.21188396986240832,50
919,58,Male,VA Long Beach,asymptomatic,130.0,385.0,True,lv hypertrophy,140.0,False,0.5,Unknown,0,False,59.35,0.745,1.6983830692925224,50
920,62,Male,VA Long Beach,atypical angina,120.0,254.0,False,lv hypertrophy,93.0,True,0.0,Unknown,1,True,59.35,0.745,0.49633750123483755,60
